MFCC_1,MFCC_2,MFCC_3,MFCC_4,MFCC_5,MFCC_6,MFCC_7,MFCC_8,MFCC_9,MFCC_10,MFCC_11,MFCC_12,MFCC_13,MFCC_14,MFCC_15,MFCC_16,MFCC_17,MFCC_18,MFCC_19,MFCC_20,MFCC_21,MFCC_22,MFCC_23,MFCC_24,MFCC_25,MFCC_26,MFCC_27,MFCC_28,MFCC_29,MFCC_30,MFCC_31,MFCC_32,MFCC_33,MFCC_34,MFCC_35,MFCC_36,MFCC_37,MFCC_38,MFCC_39,MFCC_40,Chroma_1,Chroma_2,Chroma_3,Chroma_4,Chroma_5,Chroma_6,Chroma_7,Chroma_8,Chroma_9,Chroma_10,Chroma_11,Chroma_12,Kişi,Ses Türü
-503.91498,81.66591,35.763687,37.54864,5.7871556,16.85502,-2.1075196,10.684009,-6.2508025,5.770563,-6.4341702,3.3360114,-14.210819,6.013588,-11.473603,-3.5430129,-12.104114,2.9193075,-7.3936334,2.4307334,-9.738497,2.9340582,-8.572188,-0.77250695,-9.494735,-1.6087152,-5.7348347,-0.13945358,-8.260911,1.6082379,-4.9755917,-0.32419917,-4.76248,-2.348261,-5.4827375,-0.9950755,-3.1619284,-0.9977044,-3.612424,-1.7777811,0.3071242,0.32144797,0.382551,0.56212765,0.6921171,0.63105875,0.606259,0.5357359,0.5038804,0.43059602,0.3635092,0.320515,elif,korku
-536.45197,137.25601,28.027084,44.179947,-0.8510059,5.2689667,4.0235667,8.378453,-0.066994704,-3.746398,-1.297588,-16.590965,-7.337262,1.4510199,-12.868384,-9.041486,-3.7165382,-8.797652,-5.053406,-6.6656046,-4.353834,-4.616498,-5.7025876,-2.9662688,-5.263879,-5.8776503,-2.4715629,-6.557682,-3.50477,-3.5121915,-5.5157485,0.785836,-5.8744097,-2.3055427,1.1570586,-1.5182736,-0.979068,-1.5541176,3.5616612,2.5071914,0.29713598,0.25887552,0.26913604,0.34117112,0.41857713,0.4705159,0.6215052,0.65359765,0.61138135,0.47375408,0.36521637,0.31649494,elif,korku
-595.00464,123.25692,17.352516,58.990307,15.662966,14.968331,11.083391,0.74999475,9.01158,-3.8634462,5.729343,7.619289,-10.373658,-7.356287,3.6417272,-4.9861083,-8.206678,-4.6011133,-6.1100016,-2.8334105,-5.0340323,-0.45916826,3.2830546,-6.758795,-5.835278,-0.78709763,-8.198663,-7.516862,-2.0424414,-5.3640237,-2.1247728,-3.820799,-7.688826,-2.1910732,-2.1440828,-3.4575098,-3.0776777,-4.6458225,-3.6678998,0.009416599,0.4201078,0.522127,0.5447081,0.5986059,0.6374523,0.5591804,0.52718383,0.43955496,0.3575235,0.3107237,0.32996318,0.35257602,elif,korku
-308.61136,29.525623,28.067013,23.423096,13.546123,10.09514,7.8354125,3.4892368,-1.4509428,-3.9400399,-4.7945094,-6.7877426,-6.3286657,-6.1432257,-8.335148,-6.7871923,-5.4586697,-5.4246464,-4.2865276,-4.6267605,-4.772959,-5.734699,-5.1587505,-5.1681433,-6.4508395,-6.0771637,-6.0722623,-5.9672713,-4.582776,-3.9324906,-3.453062,-2.2728937,-2.132651,-1.5804657,-1.1395755,-0.9033628,0.037558742,0.42523685,0.7722769,1.6074681,0.33282888,0.30531397,0.3238291,0.37300828,0.44710162,0.6048213,0.7712023,0.7363524,0.6714014,0.5512385,0.48118657,0.38664296,elif,korku
-348.7757,26.820137,27.963955,28.022072,13.941959,9.276662,5.5239587,-0.12767422,-2.1616118,-4.6762547,-5.9352794,-9.108036,-7.352596,-5.2610965,-8.392798,-7.187325,-5.4100556,-5.0346475,-3.586581,-4.738678,-5.6551175,-4.716511,-5.468403,-5.516433,-6.026851,-4.659354,-3.4162378,-3.2286623,-0.94429994,-1.7540462,-3.0193028,-2.743121,-2.4190407,-1.6508582,-1.6804388,-0.1431135,0.86802334,0.03260195,1.044781,2.0457256,0.3293508,0.32542008,0.38032094,0.37056303,0.3719912,0.51604337,0.6915593,0.6940722,0.61288744,0.5093676,0.4466952,0.37033245,elif,korku
-518.5269,151.51967,35.73417,42.54418,9.681186,14.465874,4.7960687,2.130501,0.6418222,-3.6546798,-1.4255719,-14.214573,-6.315829,1.796072,-12.240813,-5.1328726,1.5393924,-4.9083004,-1.2599962,-7.3166656,-6.822496,-2.1532884,-7.169869,-4.0436673,-3.7906432,-5.182201,0.09227603,-3.631359,-2.5178375,-0.087719284,-3.7482858,0.09990218,0.19579627,-1.5754384,-0.23000993,0.069635235,-0.8197216,-1.7315379,0.052286547,1.9739349,0.39166015,0.35909963,0.32545668,0.26750734,0.32408226,0.4520028,0.5110991,0.46143642,0.46895278,0.44975838,0.4489418,0.41500902,elif,korku
-425.1217,169.01997,-6.5804214,22.824354,15.376324,2.0709152,-22.747492,-0.48224598,-4.7560534,-22.39567,6.4875402,-7.916843,-9.852246,1.7481961,-11.174764,-6.127065,-3.7766864,-2.2560701,-2.2057567,-12.275502,-5.326203,-3.50031,-9.377693,-2.3140802,-3.6330433,-5.1418123,-2.3952706,-7.7070484,-2.0686653,-2.76283,-4.4319034,0.56211036,-4.051453,-0.80557793,-1.4757924,-3.4525168,0.63805103,-1.5898767,1.5916663,5.4573045,0.37415347,0.31410024,0.27350798,0.29798383,0.29472467,0.29380244,0.38911006,0.45805588,0.49921238,0.47420052,0.43246004,0.3870506,elif,mutlu
-306.02734,80.24273,20.426777,20.133419,13.732274,-6.3656464,-17.265242,-8.60521,-5.8182974,-14.39968,-8.602469,-4.931975,-7.256238,-6.445934,-8.151706,-7.1312876,-4.717855,-0.9865734,-1.126195,-7.134322,-5.7401896,-3.30908,-7.3318877,-5.0066013,-2.9778671,-5.0886645,-4.379264,-4.8026,-5.255048,-5.72986,-4.857645,-2.4526806,-3.4683201,-2.843322,0.34195605,0.30927542,0.35520792,0.7048929,1.1043528,2.107065,0.3585998,0.32051393,0.28015122,0.29040816,0.33201608,0.4129376,0.4947086,0.5136445,0.5516161,0.47479972,0.45891902,0.41422656,elif,mutlu
-508.25858,121.0296,-10.932821,20.886866,2.5497794,-6.6582723,-18.186378,2.0506592,-10.159715,-17.243263,0.110008165,-14.754679,-6.232821,-3.4273393,-8.372151,-2.6546104,-4.9890666,-2.9380195,-7.8898544,-8.385267,-1.0106437,-5.6082063,-0.09362408,0.8985241,-6.448208,-1.3219231,-1.8350058,-0.3580286,-1.6503489,-4.545511,0.81869316,0.3885481,2.200863,0.19619519,0.60621405,0.97062665,-1.1367664,1.8046439,-0.72786665,1.2711065,0.38326547,0.41236842,0.3660934,0.32402897,0.30042636,0.26743472,0.2706912,0.3004358,0.30442366,0.31878835,0.33207467,0.35366735,elif,mutlu
-393.9367,104.65699,11.325859,34.419235,2.7398815,20.181396,-15.614308,4.7291293,-12.135552,2.0744445,-18.707489,5.788187,-8.847455,1.0489062,-9.293175,-4.5110116,-8.973015,-3.3641264,-6.3656507,-3.952479,-2.5699959,-3.905259,1.0696757,-7.0553875,-1.709635,-4.4695983,-0.024679596,-3.7279735,3.5166912,-4.5108647,0.58653206,-5.493631,-0.48032165,-3.7839742,-2.1595418,-2.934053,-1.9382397,-3.434198,0.11881867,0.35238937,0.34436223,0.37524754,0.44577685,0.5209757,0.5710611,0.5143211,0.46893838,0.4372437,0.49095154,0.4492795,0.38519436,0.3772847,elif,mutlu
-493.45786,132.07208,-1.792375,24.864883,7.1117425,-2.7177174,-14.778908,-0.68974453,-4.8249903,-17.23559,3.2282057,-4.90114,-11.317899,-1.1858857,-9.839765,-6.250462,0.26868257,-6.567211,-3.2062416,-6.46352,-5.215045,-2.895932,-6.736103,-1.3418994,-2.427242,-4.2402,-1.4976003,-3.8422794,-3.4138646,-0.9988671,-1.3932254,-0.32970983,-1.5090395,-2.3667984,-0.81186074,0.36016384,0.7389784,-3.2770474,-1.4295725,0.9974838,0.37611085,0.37721702,0.34063968,0.2985434,0.28469858,0.38881654,0.46693006,0.402334,0.3613081,0.3307355,0.36438963,0.3596446,elif,mutlu
-632.1952,111.59959,33.633545,36.88267,1.570624,6.28452,4.0875897,5.7197065,1.7976959,-6.5446296,3.638639,-6.557209,-8.733009,3.8006368,-5.1458592,-9.3656435,-1.89035,-1.760468,-0.7720335,-3.7181482,-4.926862,-2.1932974,-2.671286,-2.2169259,-3.0893855,-3.387406,-2.49708,-0.41093552,-3.4145086,-2.477481,-0.43286183,-3.2066085,-3.2343042,-1.7934339,-0.7152398,-2.3652725,-1.5485258,-1.4481328,-1.3785018,-0.37546033,0.28603795,0.3308307,0.3660818,0.39769566,0.46476558,0.46576232,0.4495814,0.4208541,0.3985423,0.36736768,0.33588096,0.29485312,elif,notr
-517.91486,145.60616,33.509113,38.77101,9.221078,-5.8096623,-16.707882,-6.170603,-1.8397827,-11.35937,-3.014169,-9.984115,-9.867749,-2.9133892,-13.429793,-5.4115405,-0.1918727,-8.289997,0.30542627,-7.333002,-6.993453,4.407647,-5.0026917,-6.3211584,-7.2147837,-5.167637,0.091277875,-6.868494,-2.1317635,0.1407683,-8.004444,-0.6944369,0.14154226,-6.2974324,-1.8956822,-0.9651086,-2.2796376,-2.718917,-0.8314961,0.66160196,0.28409895,0.27936473,0.29256088,0.30524752,0.37075302,0.5157446,0.54750013,0.4929733,0.45965794,0.3913587,0.37258422,0.33531368,elif,notr
-433.42618,26.244238,22.117546,17.20567,1.2040893,-1.0913748,-4.923184,-5.2851624,-4.872939,-0.6065834,-3.392513,-1.8886248,-3.5968566,-4.92664,-4.896464,-2.7113986,-6.949772,-2.9245105,-3.7268414,-2.851833,-4.1815352,-2.63828,-6.5762267,-2.8636534,-3.4000304,-2.8220923,-3.0454664,-0.17250317,-1.0824399,2.203214,-0.087884545,0.0024933165,-1.3395603,0.32639983,-1.8753356,1.6790766,0.34487346,2.4278498,2.1575408,4.469552,0.3863401,0.42606458,0.39378086,0.36099574,0.33194146,0.32182762,0.39720333,0.46996737,0.5510531,0.47917125,0.43335158,0.3753932,elif,notr
-568.2883,150.79822,28.200357,45.494205,4.2170315,7.2434173,-2.358093,7.5357,-5.0929546,-6.1164265,10.100266,-10.70957,-5.0416245,-2.3985062,-11.631232,-1.6690743,1.0477177,-3.3400347,1.5300773,-2.05707,-4.0052056,0.07325739,-4.1853514,-1.5212437,-0.74454665,-1.39931,3.6137621,-4.4653463,-1.2398038,0.8865715,-5.793286,-1.2715793,-1.2679406,-1.0034665,-2.1766798,0.44742292,0.5667777,-0.8476226,0.38803434,-0.9550823,0.35334995,0.30974075,0.35623646,0.5246901,0.6508684,0.56511724,0.50566465,0.45084798,0.4010506,0.38482878,0.39938328,0.3838974,elif,notr
-478.56155,158.26364,28.771854,42.846962,11.122517,9.391257,-7.9914756,-2.4778342,-5.972862,-10.545016,7.382801,-9.143631,-10.54978,-6.0905433,-11.220139,-4.117764,-0.74449456,-5.4713593,-2.9785745,-6.2724576,-6.617855,2.420115,-6.8601003,-6.306996,-1.7668705,-3.2433207,-0.16554236,-8.367818,-2.7220166,1.3557343,-7.202579,-4.8107224,-1.8700076,-0.586949,-2.734791,-4.4347997,-2.7177851,-1.4236407,-2.3228273,-1.8703119,0.34746793,0.4013695,0.401399,0.4350077,0.48481634,0.53750855,0.559515,0.4457287,0.36795297,0.33705017,0.2962831,0.27722383,elif,notr
-405.9594,52.830997,5.7623587,47.414005,-5.6801786,30.055563,-14.547611,19.543581,-20.841492,11.866523,-19.306017,8.838864,-17.386448,5.640273,-14.601364,1.7682964,-10.192704,1.1240399,-6.4622803,-1.5840253,-3.7278578,-3.1191084,-0.5314353,-4.5098233,0.43547934,-6.1511636,1.5368263,-6.7985725,1.8541515,-9.077764,1.2905581,-6.835396,1.8936378,-6.473196,2.0284567,-6.1572113,-0.9980637,-5.4626474,-1.5832887,-4.590236,0.3777826,0.46821406,0.5083713,0.5474305,0.5574266,0.5310352,0.4658992,0.4350009,0.40593633,0.36164203,0.32569832,0.3244848,elif,notr
-318.03183,56.939617,40.92149,27.634533,10.292869,0.00061207515,-2.3770013,-4.8755426,-8.163391,-10.156279,-8.864679,-8.215485,-7.4247713,-7.487196,-8.145756,-5.4695864,-3.968658,-4.2154274,-3.0036209,-4.5539646,-6.2239757,-4.8712983,-4.5284524,-4.0156517,-4.305005,-3.6192484,-2.3531911,-3.8455336,-3.8170867,-2.1553683,-3.6275234,-3.04785,-2.460504,-3.1239116,-2.9084756,-3.0808039,-2.8057218,-2.6333668,-1.3512878,0.42652258,0.34911948,0.35158694,0.3368796,0.32600302,0.35990795,0.5005641,0.68049365,0.6483367,0.4625011,0.38169795,0.3813305,0.3558795,elif,notr
-562.3955,115.38194,28.266727,46.275047,5.1035724,0.28565648,-8.758104,-2.8837938,-4.6229324,-9.222794,-0.19629535,-6.9792747,-6.9260297,-4.3457875,-10.01777,-3.7584865,-0.36533618,-4.9905057,1.5252128,-5.9441137,-7.435466,0.07981811,-5.6829553,-4.8931403,-3.0735426,-2.6175363,-0.50293285,-8.021012,-3.7754474,0.69630283,-7.7924547,-1.6827248,0.2682994,-3.0656378,-0.8572505,-1.1361971,-0.5568648,-0.63269347,0.41176927,2.6127295,0.24124807,0.19612826,0.20295465,0.25593153,0.3135367,0.36735272,0.43348145,0.48727787,0.48048684,0.4061787,0.37875417,0.29939777,elif,notr
-339.66498,32.5024,29.723227,23.6569,12.1144705,2.2053413,-2.3601184,-6.699875,-7.3766336,-7.4548917,-7.038749,-6.2826686,-5.776506,-6.3321114,-6.5966587,-4.717452,-3.8997896,-3.8132045,-2.0192652,-2.762417,-3.8061678,-3.1318557,-2.7488012,-3.815937,-4.393672,-3.7120829,-3.4250708,-4.6769814,-3.5798137,-1.3885105,-3.211383,-2.546968,-1.6455246,-2.0793781,-2.0722132,-1.63052,-2.0396245,-0.99691993,-0.58280903,-0.8218624,0.40357977,0.38974634,0.39757845,0.43496558,0.47756264,0.53074664,0.57658494,0.5177024,0.44129193,0.4253807,0.448531,0.42623988,elif,notr
-567.55133,130.7286,20.429426,33.389896,11.790476,0.33683974,-13.216991,-5.174071,-4.5332036,-9.144355,0.96819925,-10.282433,-11.144887,-4.1503825,-10.087527,-5.16929,-0.57450646,-5.9384456,-1.2656037,-6.3529415,-7.1105237,1.5982797,-5.579812,-4.7951417,-5.159337,-4.6419616,2.787113,-7.03573,-4.9785933,1.8182077,-6.1265616,-1.9480816,0.22764269,-2.0598178,0.6427274,-0.7998547,-0.42269927,-0.81177974,-0.487551,0.88812864,0.27622822,0.27217263,0.20106392,0.18528122,0.22163388,0.3603818,0.5042662,0.4546103,0.3719271,0.29434514,0.26784074,0.2644577,elif,notr
-466.86917,135.76355,28.048374,35.228855,-4.060041,-0.069264814,1.6472902,3.6394176,-15.251035,-10.838176,-1.4915161,-18.575315,-2.4093394,-0.86008894,-19.840761,-8.665498,0.24803542,-3.2569861,-6.4031744,-5.097448,-1.1480157,-8.107248,-6.5077186,-2.4154263,-7.032552,-4.6454096,-1.8310636,-2.9789593,1.0125089,-0.30000797,1.426762,3.886142,2.2132337,2.744188,1.456353,-0.8371118,-3.7195396,-1.9508154,-0.98980653,-1.7392367,0.517446,0.4594172,0.32132643,0.21368271,0.17219715,0.22316517,0.32188252,0.34033704,0.3352071,0.40740514,0.47266725,0.54641384,elif,saskin
-515.9652,121.36646,30.686344,16.403358,-23.865717,1.9521955,3.3253791,-7.232889,-22.155144,-7.883111,-10.738645,-11.176907,-4.7180605,-18.618235,-11.927635,-1.7012011,-6.562486,-3.7460759,-4.5367227,-2.5477626,-1.8248829,-4.8249545,-6.736616,-0.026703997,1.8176944,1.2817473,7.2306085,7.7336497,4.519262,5.156965,-1.2332078,-4.484611,-2.7547908,-1.0867474,-1.3924546,-1.829939,0.022777671,-1.6955767,-2.3680224,0.07112218,0.24955218,0.43209594,0.5624672,0.56600624,0.36969215,0.29450148,0.25585014,0.25651827,0.2917396,0.2653116,0.2459655,0.21371457,elif,saskin
-507.8179,116.81935,36.924725,46.15534,18.879025,5.010315,2.0724208,1.6129171,4.848871,-7.1613073,-5.4368505,-11.247954,-11.780437,3.5668426,-9.058229,-15.521098,-6.0970373,-6.8572183,-1.9230988,-3.0429363,-8.373353,-3.515839,-2.590093,-4.528239,-7.4736977,-8.546811,-2.9931576,-2.8248582,-5.6688666,-3.4697556,-2.9763925,-5.050352,-4.1921687,-1.6575433,-2.763221,-3.8729277,0.5222259,2.1473336,-0.68453807,3.006811,0.2971595,0.32645333,0.36199343,0.39941734,0.40675312,0.4372183,0.51129264,0.5862615,0.66245264,0.495916,0.37504402,0.3030098,elif,saskin
-502.10834,136.87437,27.437973,39.932846,0.43596703,-5.0112243,-4.89616,2.6986356,-4.9222083,-4.7692523,1.7426468,-15.384318,-4.9842925,0.37593144,-17.517973,-11.257582,-6.225085,-9.887514,-7.727548,-0.107883364,0.8068934,-9.616512,-5.237543,3.40291,-1.7579511,-5.6962276,-4.5007434,-2.3827183,2.814186,-3.4065802,-1.0362804,5.6089664,2.2621117,2.8319547,5.3009014,7.1423144,0.22299053,-1.308128,3.6303484,0.72900444,0.5427623,0.40719733,0.27820134,0.24502358,0.24059722,0.27177116,0.32823595,0.3476185,0.34112376,0.44459185,0.5717009,0.5993931,elif,saskin
-460.60547,110.701294,38.87277,38.20181,3.2785347,-3.3151183,-1.900395,5.164623,5.027368,-7.2587714,1.4610498,-1.6824126,-7.99382,1.5137262,-3.6663384,-13.404766,-4.7729373,-3.2777562,-7.0498576,-5.309921,-3.9515402,1.4855067,-2.834081,-6.7231507,-2.1168833,-3.256541,-1.125013,-1.7472658,-6.987699,-0.17516811,2.4518418,-2.7274234,-0.8290412,0.122342944,1.1617581,1.7609215,2.159712,4.352615,1.9394482,1.8461531,0.4208255,0.3712662,0.35039723,0.36577904,0.41678217,0.4484579,0.50589,0.49050826,0.52262056,0.5856922,0.5314802,0.49342504,elif,saskin
-420.52606,108.218666,12.792239,56.52702,11.549276,6.792151,-12.017025,-5.488408,-13.102799,-13.629001,-0.24476862,-16.620378,-7.86753,-0.07846627,-16.689405,-10.116908,-1.2356026,-5.2204847,-3.8955722,-7.380796,-4.4951596,-8.572204,-9.601535,-4.6855836,-6.5191607,-6.9183054,-1.2287213,-2.301319,-3.7894795,0.98654133,-1.4520483,0.55819297,0.04829594,-0.56143755,0.1989353,0.067908555,0.8448226,-1.4466808,0.7835495,0.9999631,0.46658114,0.44633934,0.45590377,0.43762887,0.4187251,0.36832392,0.33433422,0.359573,0.384082,0.39928105,0.46511284,0.4868707,elif,sinirli
-398.78638,56.635044,14.870256,12.7669735,3.8714056,3.064019,-3.5137956,-0.8563126,-7.521843,-7.698285,-7.8817825,-8.7411175,-6.4434,-5.578021,-13.217863,-5.5337563,-4.909164,-3.7831755,-5.6226153,-2.1572747,-5.3656254,-8.850802,-6.035413,-1.5133986,-9.023885,-4.9966764,-2.0026262,2.5902524,-3.1614947,-0.6115199,2.7291474,1.3813977,-0.27077517,5.3934045,0.6275545,0.30693302,-1.2512264,0.2856029,-2.7296963,-0.14273365,0.41341925,0.444735,0.4045339,0.35729092,0.35181624,0.3355717,0.3669652,0.40387326,0.44020933,0.4337665,0.40566975,0.3766033,elif,sinirli
-439.2448,66.08804,23.373123,20.721197,0.2682201,-0.8732967,-11.527832,-8.293931,-15.849911,-11.244488,-4.0899663,-1.7584677,-9.26515,-9.439225,-4.357624,-0.34261918,-11.029947,-8.404309,-7.918697,-3.3363676,-5.7674775,-4.067951,0.8440402,-1.1282805,-5.1716566,0.080355115,0.22232486,1.2374856,-0.8989724,1.9289913,0.31510556,4.378482,3.1197672,0.9403417,-3.915621,-1.955254,-0.9135657,2.046768,-0.6665706,0.7786145,0.40697557,0.44925326,0.37767383,0.32704338,0.34396204,0.3858548,0.32953638,0.25919402,0.2490815,0.26003337,0.2983208,0.35126993,elif,sinirli
-348.8029,73.773415,18.600988,9.924506,-0.68517923,1.6868682,-7.1577888,-4.829305,-13.754874,-5.6749773,-5.296468,-9.8687525,-6.5582156,-4.6610427,-12.591849,-9.729606,-8.04691,-2.8735688,-10.58879,-4.510755,-5.4038315,-2.7460332,-3.0152948,-2.8259046,-1.6929443,-0.17179318,-4.0437593,-1.8382053,-3.6474464,1.4406871,-1.5418891,2.8559985,0.94651383,2.0266142,-0.7196759,0.8089482,-0.025406694,2.756941,0.43343133,1.3880789,0.44305325,0.49257648,0.4586719,0.36376926,0.3678004,0.3777148,0.41268572,0.3864076,0.45510772,0.42360884,0.37713578,0.38715783,elif,sinirli
-433.81042,117.41658,4.50162,29.649979,-18.214144,19.044104,-13.849862,9.555206,-15.984361,-5.2675734,1.3918349,-7.9898586,-7.6577935,2.807888,-15.7307415,-4.3882947,-8.876053,-5.5331516,-6.0595446,-14.007089,-4.1042767,-11.7752495,-2.9940789,-4.4913754,-5.648527,-4.0559144,-2.6537433,-2.9498162,1.06339,-5.23256,1.6569455,1.9358531,1.8266231,1.1718835,3.249196,4.6366034,4.3622103,2.0905836,1.4816686,-1.0264158,0.43216562,0.45168093,0.4155951,0.3165377,0.34280524,0.3442327,0.3469731,0.37229675,0.43538892,0.46230963,0.49907073,0.5148557,elif,sinirli
-278.38058,38.83276,30.453663,18.668648,8.649347,1.684991,-1.519695,-2.9493096,-3.6095283,-5.160876,-4.91143,-4.711494,-5.230179,-5.4096246,-5.2617307,-3.7138128,-3.462086,-2.8224986,-2.6734395,-4.223612,-4.773184,-4.728454,-4.5899944,-3.9377298,-3.947633,-3.1849535,-2.306698,-2.4772685,-2.4843242,-3.223294,-3.5756593,-2.8275208,-2.233353,-1.1798764,-1.0214971,-1.1896564,-1.6954184,-1.7375661,-1.2604226,-1.0371572,0.4685975,0.41304767,0.40468094,0.47419643,0.5250914,0.50824547,0.5781786,0.6253687,0.57401675,0.48695228,0.4817985,0.49482185,elif,uzgun
-283.58133,36.536747,26.098747,18.032837,5.8003364,-1.0310353,-2.7661114,-3.0383763,-2.848384,-3.9197252,-2.02035,-2.7534668,-3.476668,-3.6361234,-5.922028,-4.8130555,-3.7290318,-3.5993676,-3.5277116,-4.582728,-4.4330463,-4.362896,-4.9596,-4.127401,-3.9693696,-4.0248876,-3.7130392,-3.1330204,-3.0182168,-2.5496283,-1.930975,-1.8168337,-0.8904484,-0.8420558,0.053938046,0.6212503,0.40735143,0.18283519,0.84734607,1.2172105,0.47816148,0.53789437,0.53451324,0.5253938,0.5279448,0.5347077,0.5258675,0.5410006,0.5929628,0.6528652,0.62171775,0.5137945,elif,uzgun
-586.5101,145.85457,38.154564,18.171806,-0.9728696,4.8117642,-2.6116428,0.22207662,1.5572526,-9.847561,-2.3209357,-6.962859,-9.189731,-0.53701925,-4.3364544,-7.794539,-2.2135541,-1.4962181,-4.985562,-5.938768,-4.4767423,-1.6001086,-5.3317695,-3.4069865,-1.6736063,-6.040422,-0.441227,-2.5466735,-3.7584476,1.1943411,-3.9037821,-1.7833154,0.679557,-0.798886,-0.2670129,-1.1634552,2.4034157,-0.2191319,-3.3094232,0.3641545,0.3041559,0.26835367,0.25600076,0.28885776,0.33427805,0.3762165,0.4463992,0.44928253,0.45687816,0.43425357,0.4326684,0.3600466,elif,uzgun
-411.16586,57.440918,2.3820055,48.936028,-6.802761,32.55045,-15.741891,25.588766,-16.994997,15.483192,-20.808338,10.809077,-19.700104,7.7940035,-13.1019125,3.3004456,-11.130419,2.3245988,-6.7202682,0.9034658,-2.6963232,-3.0110402,-2.3572855,-6.1712956,-0.21498816,-6.7156615,0.8080492,-7.883679,1.8975848,-7.391162,1.7321972,-8.154706,3.3921108,-5.588109,2.7406175,-6.015036,0.89159936,-3.7797515,2.1545188,-2.1394253,0.4541164,0.5376256,0.5778495,0.5133509,0.55241925,0.56962276,0.5842822,0.56926847,0.5380859,0.51445353,0.46043065,0.4055082,elif,uzgun
-521.48395,133.03156,34.7356,31.734976,-12.390977,0.13403198,-7.7808137,-7.496174,-22.590508,-5.034395,-8.182885,-11.5834,-0.86484426,-12.273493,-8.553127,-1.8782008,-10.200048,-5.8591294,-6.8219543,-8.669174,-5.7554483,4.124291,-1.9962447,-8.836536,3.0014076,-1.6955556,-3.4414353,2.8351495,-6.309314,-1.7754462,-0.9030486,-1.0221328,-0.6547548,-1.1041297,5.1962533,1.1520133,3.190648,0.83291495,-2.3069396,2.0864854,0.3236303,0.36480567,0.36396107,0.35468614,0.3464145,0.36323762,0.33202648,0.28564557,0.33283705,0.37278184,0.47689524,0.38998953,elif,uzgun
-407.1722,45.701145,-3.6525526,27.035543,-10.902227,21.51156,-16.553673,15.078357,-23.264116,4.7043624,-21.925814,9.167957,-19.928295,4.2419853,-18.493387,1.1062868,-17.716385,2.1931074,-12.197617,0.8209108,-10.011638,2.2627892,-5.043529,0.7692296,-2.9841363,3.229501,3.0147834,4.71906,6.2586656,4.71491,7.3408933,1.3687474,5.8498445,-0.6777063,3.3199308,-3.572604,4.3066497,-1.9559097,3.1293335,-4.3360014,0.6023191,0.7794955,0.6486506,0.48422298,0.40005833,0.36823502,0.34354192,0.31990048,0.3650912,0.35717103,0.37172207,0.46664268,irem,korku
-519.70953,81.59868,28.713211,28.342962,0.39908475,-0.70447814,1.0134768,-11.648318,-17.376757,-2.9764862,-11.031403,-18.355152,0.52350277,-5.7602777,-10.3388605,-0.25820825,-9.832719,-6.5788145,-5.073484,-6.1562433,-5.895143,-5.5369773,4.33332,4.5104203,7.262523,18.453985,17.067148,12.552984,3.3858087,4.91548,-6.4301643,0.6426911,-2.794889,-0.10271935,3.9311883,-2.32615,-5.1865954,-2.6934347,-1.8426225,-1.1098031,0.20465071,0.23893069,0.36660406,0.63480693,0.76233083,0.54788595,0.33359826,0.2199199,0.19677256,0.1855653,0.1934321,0.18778089,irem,korku
-422.8679,51.41388,11.342835,14.730707,3.7833107,-5.8377433,-0.33226445,-0.46313396,-13.55497,-3.0688045,-7.4415674,-9.00216,-18.75428,-1.0424719,-11.107697,-10.384486,-3.543146,-0.30458155,-5.694306,0.40339988,-3.6543605,2.6759593,-1.6912133,3.6973774,7.0624228,8.105287,10.152493,7.6218576,4.2166657,0.74026316,-0.27270067,-4.649616,-0.62093854,-0.42049828,0.27562752,-1.6243873,-1.5213747,-2.7474754,-1.7624605,-0.20166016,0.29501858,0.2949584,0.38600522,0.5412342,0.6441978,0.52635956,0.38346815,0.31062615,0.3656785,0.36475804,0.34128582,0.31457245,irem,korku
-540.0822,91.72542,20.494112,19.505438,-0.3662024,4.7089033,1.428398,19.430178,-18.917168,-10.1506,-1.3085183,-2.4604695,-23.213303,-0.42819843,-16.118547,-11.136448,-6.318676,-3.637928,-1.9429005,-3.9437194,-11.937666,-1.3699025,-10.625978,-0.6432631,-1.2905763,-4.299528,6.6117144,-4.960146,9.255689,4.67259,9.25666,5.163545,7.1315107,3.963494,2.656903,-0.57210237,2.69043,0.13872619,0.10010602,-1.7371205,0.6313608,0.64539045,0.49376518,0.28068218,0.16933411,0.1620486,0.18949394,0.22377199,0.26176223,0.28968337,0.39986622,0.5725557,irem,korku
-544.92596,67.944855,16.22596,20.651602,0.9212596,9.070955,7.555259,20.418709,-13.107209,5.1336083,1.8107568,1.2635169,-19.593756,0.49481648,-9.840248,-4.971755,-1.3051121,-0.3217454,-4.33207,-0.8024502,-8.363048,3.6875405,-11.159139,1.9821745,-5.259182,-3.2023716,-0.7453171,-4.521086,5.048271,-1.064066,2.193912,1.1081045,2.2766297,2.5284376,2.3145638,3.253972,4.935183,2.2790892,4.024778,0.36442834,0.4629656,0.43229833,0.4038673,0.37066627,0.27141666,0.22651452,0.23556457,0.29764685,0.42498767,0.5268121,0.60164577,0.53444445,irem,mutlu
-465.57547,106.0781,15.755874,21.791557,6.1394033,-1.0551915,3.1911602,12.608558,-17.86971,-6.8472834,-3.1640673,-4.691687,-13.670817,2.2490385,-11.865964,-5.284755,-2.6786854,1.57266,-11.987669,-2.5873532,-4.9251275,-2.4009628,-8.678891,-4.5313306,-6.233856,-2.9902961,-2.6848567,-3.3381083,0.19263451,0.75351286,0.8355272,1.0338554,3.5764859,1.4620771,5.181173,4.147523,4.9454684,3.1372902,7.1327515,3.84567,0.46046808,0.39005476,0.34612343,0.26170123,0.20798719,0.20341466,0.22437268,0.2821117,0.45018137,0.5323665,0.5247681,0.5156717,irem,mutlu
-409.0711,122.30933,10.520023,17.868956,-1.8340112,1.6225684,-9.059466,0.66522586,-28.117136,-8.7050295,-0.21880718,-28.499235,-16.731483,5.9228067,-20.884491,-2.0230794,-12.891545,-6.7678013,-9.767313,-7.102456,-6.2997713,-6.7698784,-8.282212,-0.24023823,-8.524569,-3.5231194,-0.10332431,3.6867566,9.191061,11.385666,16.068518,14.52745,10.7841215,4.7235746,1.6676251,-2.4866095,-0.9964976,-2.9142945,0.9548009,0.04198228,0.54948914,0.5541956,0.42525405,0.31714636,0.21140712,0.13363677,0.1396595,0.15286015,0.13892572,0.12814894,0.20665903,0.3712445,irem,mutlu
-297.36447,49.53448,16.31523,7.5616064,-0.5180001,-2.790785,-2.6679583,-7.1289916,-11.371379,-7.229335,-7.407671,-14.67016,-10.294887,-4.815882,-9.043937,-6.0407653,-5.814714,-7.4712334,-7.166942,-5.332693,-6.872612,-8.274336,-9.235247,-7.494491,-6.5307074,-4.622156,-3.8322437,-1.7968137,3.9132056,6.3026,5.742279,6.663257,7.9482894,6.0356097,3.3178334,1.7008902,2.730096,1.8611887,2.5890136,2.3945467,0.5122703,0.5058664,0.444114,0.37301743,0.33684447,0.2674029,0.23597418,0.22631094,0.29217353,0.3600147,0.4049932,0.4358877,irem,mutlu
-312.1975,44.673058,13.184176,9.538133,-3.020666,-1.5063375,-6.3391886,-11.168693,-15.205192,-7.8511357,-11.37938,-10.854937,-6.1056833,-7.268794,-9.724199,-4.720373,-10.285268,-6.9258556,-7.761065,-5.3279214,-9.141427,-4.9979258,-3.7141807,-0.9924789,-2.6666572,3.0293627,4.391373,6.5080876,5.87611,9.928508,6.479682,7.5781016,3.1033115,3.0290058,-0.41660175,0.5846407,-2.352042,-0.20795286,-1.90379,-0.27506325,0.409035,0.5527613,0.50169647,0.39222616,0.36643258,0.30611342,0.26774788,0.2658432,0.24852398,0.22982697,0.25063387,0.32558587,irem,mutlu
-361.56442,114.67132,-5.581987,20.374393,-1.2761766,-3.6180294,-2.6989486,-9.195474,-24.998446,-0.2589019,1.5299225,-25.781418,-12.924362,4.89248,-13.185031,-5.467666,-10.952001,-0.95475966,-9.88851,-4.175204,-6.332675,-9.76823,-5.2342343,-5.3850064,-10.794463,-4.942796,-6.2404237,-3.3028097,-2.2936003,1.9101106,4.460671,7.457388,10.827475,11.777211,10.371078,4.1318536,2.5158074,-0.21022485,1.0474932,0.4275174,0.6097041,0.48206565,0.3237933,0.24937986,0.24618667,0.16835693,0.17441976,0.2275253,0.25286466,0.32180244,0.40870273,0.47145167,irem,mutlu
-391.76782,42.506565,29.39772,17.407015,0.5287703,-4.808476,-4.504161,-3.5733826,-8.067298,-4.902562,-1.594343,-4.111156,-5.412197,-2.0731056,-5.213459,-6.67036,-3.9272482,-5.264427,-5.118305,-3.9218757,-2.7361052,-1.261943,-3.7312279,-0.78639823,-0.61951077,-1.5492166,0.091646925,0.27223808,0.9278479,0.9390492,1.8239073,2.5173757,3.6537373,3.8839436,3.7042062,2.0898666,1.1590722,-0.23412077,-0.45605287,0.97443014,0.56047076,0.53933954,0.51740366,0.47254664,0.44347182,0.47873256,0.4987535,0.4447679,0.43466613,0.43906304,0.476625,0.548714,irem,notr
-449.13336,78.6272,26.562,44.723648,-6.4763346,-12.372228,-14.19796,4.060061,-21.099735,-6.6702275,-3.5258725,5.9096437,-14.534846,1.3304895,-6.618648,-2.5915384,-7.138385,-1.0967942,-11.641862,-0.4785862,-8.560647,0.51458144,-5.882347,-5.670542,-1.0754555,-2.7227829,-5.179682,-0.51753545,2.635058,2.2103007,3.525013,2.5597594,1.766483,3.7877486,2.8741353,0.29726362,-0.18913735,1.4406898,1.2582035,1.9828885,0.4970881,0.397071,0.3527726,0.32994354,0.30720457,0.3039865,0.30053425,0.33558002,0.35959244,0.37183753,0.3845097,0.47702214,irem,notr
-600.206,94.21563,24.474815,31.48642,2.7444193,-7.623305,-11.198691,2.096177,-14.970985,-7.6563864,-7.238014,7.5772214,-13.366585,-5.075232,-1.4398638,-3.626724,-6.8738327,-6.197337,-3.6275623,-5.2087016,-2.2187402,-6.591254,0.4747846,-7.0669665,1.6911352,-4.781401,0.5988917,-1.1860701,-0.06325156,-2.1060114,0.00417883,2.805298,-2.7071214,1.3088543,-1.7033857,1.5489938,-3.2334993,2.037517,-1.1496323,2.9842472,0.34117535,0.31320596,0.30612075,0.2709351,0.25160566,0.29811698,0.39543396,0.38281673,0.3498627,0.34447062,0.37066647,0.3391326,irem,notr
-460.14514,86.30806,26.580961,46.515495,10.145728,12.984568,-12.366126,-0.47874558,-13.350448,-7.2470484,-19.065653,9.161398,-3.4823709,-9.924358,-2.3497896,-3.0028973,-5.7173057,-2.9877124,-6.3122334,-7.900037,-5.0287137,-10.800996,-0.5993913,-7.09047,-3.8655741,-1.6679814,-2.2331376,-4.5443807,-2.4550593,-5.176902,-2.4695554,-1.1136912,-0.84495264,-0.19869731,-3.0824125,-2.087192,-0.3611989,-1.705186,-0.013527145,1.340519,0.33374998,0.34713736,0.36074787,0.4304088,0.53258926,0.5078442,0.5005019,0.48373666,0.4517764,0.39195657,0.3698155,0.3566196,irem,notr
-524.841,85.42535,34.39973,22.576696,0.2771572,-14.60944,-8.671717,-9.881161,-7.3169417,0.38697475,1.7104837,-17.371662,-2.9886174,0.013414148,-12.290532,-5.9862814,-6.376503,-5.3890696,-1.189427,-3.754944,0.5531759,-1.1094041,4.670837,1.0565399,7.4294653,10.261184,5.5469584,10.182462,-0.4042691,-1.3733389,-0.20103408,3.0562334,-1.3256979,0.37338665,-0.29721662,-2.5702772,-3.0351048,-0.74974513,-2.185241,-0.4397299,0.3203132,0.31250015,0.37548476,0.473964,0.5431537,0.5145591,0.33190614,0.21454696,0.16464071,0.21581036,0.3144554,0.3465926,irem,notr
-450.22476,65.12984,36.141903,23.089474,-0.6951298,-6.649853,-7.092283,-8.959556,-10.068314,-7.7614756,-6.1750035,-8.372354,-9.670625,-4.0399303,-8.668697,-9.123992,-4.8349853,-7.1470666,-9.528295,-4.4098725,-6.4466133,-3.2705224,-5.3462253,-2.3270736,-2.3855927,-4.392289,-1.6810982,-1.0187775,-0.54296124,1.0037731,1.0728388,2.9675002,6.8850884,7.5006804,8.365665,7.3381567,5.7326207,0.2013496,-1.059372,-1.5366932,0.5348411,0.46640536,0.38477695,0.31977844,0.28880388,0.3109589,0.27913997,0.24138309,0.23100273,0.32977813,0.48600572,0.541051,irem,notr
-323.64938,35.916397,0.62594575,-12.527129,-13.373512,-5.838134,-0.13880509,-7.6808515,-14.236224,-7.672023,-13.769978,-8.573703,-1.0736725,2.5296316,0.9922335,7.597648,3.886486,0.52061933,-1.2410614,-0.6403778,-1.0409276,0.12537818,-4.5276246,0.13471085,-2.0062573,1.3928628,2.418262,4.598553,1.1229373,2.8635652,-1.2286206,-0.2919726,-1.8240519,0.13947228,-2.6351414,0.8598861,-0.847155,-0.1440387,-1.7523515,1.3060806,0.3601186,0.40196458,0.44384217,0.44774276,0.40104115,0.29939687,0.3166237,0.32998458,0.3507732,0.3724271,0.3473179,0.33896047,irem,saskin
-451.83966,59.917175,9.803813,-1.2131387,-17.568748,-15.729971,-3.1477003,1.7485056,-14.026425,-7.9321556,-6.3039513,-13.356168,-12.151841,-1.9406009,-10.948025,-2.5303633,-1.639726,-2.710233,-0.83674234,3.841727,-0.19225405,5.028417,3.9458551,4.5624824,0.48134515,2.3848174,5.1747055,3.6172817,3.6478074,-0.24168132,-1.9897842,-0.90555924,-1.4739887,1.5320466,1.340246,-2.18528,-2.496847,-2.9566176,1.7728736,0.46611378,0.30721685,0.35237595,0.32563645,0.3769475,0.40152502,0.3295428,0.2843783,0.33772478,0.3513209,0.28632948,0.26075608,0.26790798,irem,saskin
-353.47913,34.042778,3.4611452,-0.7602095,-8.610808,-6.930956,-3.178134,-9.276022,-17.069855,-10.346012,-14.207599,-10.305815,-4.552049,-7.3199735,-9.861342,-1.7764572,-3.0692856,-0.5664323,0.86258715,4.984509,6.463217,11.674571,8.38996,7.628329,2.1382623,0.82644594,-1.4746356,2.0349383,-0.16669218,2.646052,-2.8469007,-1.9029992,-3.487619,-1.6793069,-3.5768013,-0.4362949,-2.3390868,0.67252845,-0.5090938,1.2713157,0.26449275,0.29479158,0.3040565,0.34138077,0.33719513,0.3104078,0.38206038,0.45105892,0.47220856,0.40752855,0.2934956,0.23127262,irem,saskin
-354.9167,63.52855,0.46732104,2.5780337,-3.2902005,-11.525334,-6.6460843,-1.0806305,-12.220652,-5.3537707,-8.947689,-15.659705,-14.466431,2.3937948,-11.325594,-4.546832,-0.4771477,3.2751129,1.6294148,6.431614,3.0038636,7.570653,7.421433,11.506449,6.959158,4.234122,0.03526646,-2.1679287,-2.3696058,-2.5382526,-0.75494796,0.33325645,1.1398088,-3.9770775,-1.4404244,-3.6347096,0.44874415,-0.16856329,0.34929293,-0.8787259,0.3392544,0.3261606,0.2893981,0.28475368,0.3015502,0.4679741,0.41801414,0.35289368,0.30174366,0.32763544,0.32164967,0.27256614,irem,saskin
-369.8361,31.408545,-20.081411,-16.179483,-16.200247,-9.381044,0.9684296,-13.665541,-16.010956,2.424427,-6.918869,-9.304945,4.930724,-3.6582923,-1.3842397,11.5895195,4.034773,5.4958286,-3.0434434,-0.10790717,-0.012435609,-0.50336504,-1.2772311,-1.4914646,-0.27798557,0.020778567,1.0719309,-1.65316,-0.49927813,2.5859237,-1.9930432,-0.28486505,-1.4335748,-0.29386765,-0.056734156,0.7357346,-2.4118237,1.4173476,-1.555883,0.6581557,0.3866407,0.4238922,0.34751195,0.37611958,0.41422534,0.39265943,0.36996755,0.40666288,0.39684024,0.36794972,0.4021353,0.39261168,irem,saskin
-289.36746,22.383284,4.307127,0.61644423,-0.06889389,-5.369992,-5.9828844,-12.247044,-8.488112,-8.231516,-12.535711,-10.301346,-8.77267,-1.9015534,-6.666675,-0.65843207,1.5951073,-4.3135242,-3.9036934,-0.21758537,-6.710708,4.375544,-0.10236017,3.4443562,-1.0973918,6.610881,3.9216301,4.134271,4.293019,5.3780003,-0.64980716,2.987334,-2.836964,1.5183165,-2.5633206,-0.67040724,-3.1227536,1.1894037,-2.454891,0.6045892,0.40495244,0.4676602,0.51361424,0.4727121,0.46650833,0.36752754,0.31149215,0.34985778,0.35156614,0.3088568,0.30356255,0.33401886,irem,sinirli
-413.4496,76.95821,1.416952,-9.423684,-8.601629,-12.587419,2.9819956,-7.456249,-15.756366,-4.7828126,-9.374937,-17.599659,-7.7483325,-4.556322,-14.631508,-2.7467382,-5.5946736,-5.813812,0.17868884,-1.0161589,0.44562963,2.42723,3.2973802,3.964554,-0.91769874,8.425155,0.123648204,1.3001145,-0.5409633,-0.3019606,-0.27638564,-0.6420022,-0.06272272,0.89210576,-0.5691523,2.9587152,0.85804117,0.726582,-2.0816648,0.4787006,0.31119826,0.3550921,0.34600008,0.32191744,0.35563588,0.36837107,0.27434635,0.23890233,0.2441594,0.22973959,0.317829,0.32628167,irem,sinirli
-306.82367,34.535862,0.042961247,-9.788725,-8.903479,-5.923496,0.4393281,-1.3922355,-12.323729,-9.722894,-6.8198795,-7.278061,-7.9620347,-2.849654,-6.6742315,-6.6459756,-0.6129699,3.0553408,1.6353073,4.516187,3.4979827,4.656821,4.499226,3.447401,0.118566826,-0.33681718,0.15405725,0.47751918,0.030069852,0.21874762,-1.0216546,-1.0068069,0.47219518,-0.355705,1.1313034,0.9888842,-0.009518138,-1.8949149,-0.30872872,0.3266846,0.39469492,0.37416178,0.4316138,0.4331273,0.387022,0.40117025,0.4332117,0.44812053,0.48589683,0.4152627,0.40206388,0.43114874,irem,sinirli
-400.9426,71.933395,-1.81943,-9.77137,-4.8989506,-18.266647,-0.60581934,-10.869973,-23.641943,-3.8246753,-8.118163,-23.994287,-9.855626,0.08093383,-10.041518,5.5700145,2.8207755,4.5417686,3.152807,5.4806523,-0.9666112,5.1566744,-6.3313212,-0.035743892,-2.486699,8.079058,2.1983297,2.4880226,-3.0779521,0.30887946,-1.2775022,3.8665094,-2.7649577,3.5551572,-3.3805285,3.4285934,-0.92169815,1.935454,-1.4083917,1.5963085,0.31486884,0.28694835,0.33533072,0.32061714,0.3398983,0.26367146,0.22060119,0.23682295,0.23246726,0.26261744,0.30226344,0.31019536,irem,sinirli
-287.26468,52.485172,4.163568,-1.8927785,-10.145322,-11.02982,2.916763,1.4217621,-19.589561,-4.5671363,-7.6351323,-8.408101,-15.397188,-0.99686956,-12.743477,-9.119007,-5.893421,-2.638615,-10.344192,1.6535809,-1.219043,3.1832733,-0.042524066,8.072298,5.2011914,5.2052784,5.5443635,5.9639564,3.6988919,1.2836089,0.18324837,0.4597354,1.0564879,-2.1146994,1.7075033,-0.6945694,-0.20311227,-2.7715962,-0.93509346,-0.88660944,0.32956257,0.40394294,0.46027538,0.49927497,0.44945168,0.34565553,0.26866955,0.24853827,0.24642374,0.2292782,0.26120412,0.28360295,irem,sinirli
-529.7872,124.19946,28.720675,25.705214,1.3766968,6.820237,-9.517205,16.901947,-0.009915982,-5.527348,-7.9026294,-0.03952447,-9.918364,-3.9457943,-4.5691986,-10.8814535,-5.563018,-3.6782868,1.636875,-5.8954167,-7.0359316,-1.7326074,-0.60763526,-9.273546,-1.535438,-10.285892,-4.174486,-3.7488165,-5.6452174,-4.158576,-6.694249,-0.2703412,-2.2718441,-1.4192569,-0.46212444,0.78137296,-3.7738216,0.79935807,-0.041865654,2.334442,0.30211934,0.2617827,0.2793307,0.4267819,0.5124101,0.5363721,0.6036741,0.52163213,0.44778213,0.38129562,0.3506766,0.33233416,irem,uzgun
-482.5079,107.64526,19.991135,21.178326,1.3914434,-2.6130376,4.691394,-15.972085,-21.079073,-1.4358232,-13.651409,-18.288929,2.0299282,-10.027877,-9.899004,-4.29254,-12.677149,-4.985825,-13.345622,-4.045803,-14.027892,-6.991359,-0.6865962,-9.636177,2.0569928,-1.9405807,7.8857975,6.013886,8.105501,12.920136,8.082346,12.739923,4.0485725,3.551557,-0.9587013,2.143655,-2.797021,-2.4064248,-2.280933,1.5021214,0.47916248,0.59889233,0.5466128,0.4268182,0.33181655,0.21946467,0.15282182,0.14427856,0.14554688,0.14896755,0.16144243,0.24848104,irem,uzgun
-546.1096,97.74641,23.372057,16.416248,-0.072279006,3.1019588,4.609256,3.9941378,-13.864049,-5.3281455,-4.983186,-10.81492,-7.4122725,-2.758524,-9.0384035,-2.7498324,-5.28907,-2.5126288,-5.981121,-7.47228,0.6018324,-6.562131,-8.161218,-0.7980666,-7.516378,-3.5966988,-4.6790566,-1.45155,-0.7626565,-1.3272401,0.029478764,-3.0121236,-0.10684356,-0.8893253,-0.77263016,1.3867028,4.010036,1.2251009,3.3273826,3.687829,0.2692764,0.29816455,0.27966344,0.22281404,0.19464073,0.22211304,0.31405237,0.441631,0.49171948,0.44080654,0.3970001,0.31382093,irem,uzgun
-421.9709,23.447937,10.216399,7.6383247,0.55862916,0.13983549,-2.5504045,-4.6292996,-8.67266,-2.2332723,-4.163149,-7.7521105,-7.989944,-2.8023727,-6.13303,-2.1371412,-3.2483988,-1.9150374,-5.3555145,-3.4758456,-4.2397575,-2.3930457,-4.3216376,-1.213072,-2.05968,1.187994,0.27385888,2.9764793,1.1572952,3.351922,2.0853791,5.0368342,4.8994117,5.8883905,2.3805785,2.4939215,0.3989825,0.8602399,-0.96904725,1.7909176,0.53397846,0.47186244,0.43580532,0.44111946,0.3979389,0.30749112,0.27082574,0.2840762,0.26358163,0.29251564,0.38935265,0.4635057,irem,uzgun
-482.06192,88.851845,16.039616,15.605446,2.8665338,3.187775,10.759727,-2.5758953,-12.267865,1.5789622,-6.4127517,-11.255226,-5.0900946,-3.0365198,-2.5778942,-0.36670533,-13.730858,-5.921538,-2.6159291,-7.065638,-9.017783,-0.78564197,2.038687,-6.17654,-0.7628379,3.3302543,2.7533088,1.8177722,4.1880655,3.5580556,1.9987692,0.6570362,2.116695,2.6157665,3.8009634,4.672595,1.1499549,-0.7363944,-3.6294835,0.9160349,0.51671714,0.4543381,0.4308469,0.4664108,0.407549,0.33291116,0.3340918,0.29458746,0.23473665,0.24584769,0.32511032,0.42494467,irem,uzgun
-390.3414,10.469889,9.971019,8.053757,-1.0781934,-2.5498245,-5.257867,-1.4516721,-4.0163403,-1.4687632,-5.966601,-3.619715,-6.6731167,-3.9829779,-5.7288356,-3.1401007,-4.9908676,-1.1722369,-3.9941738,-1.9675727,-3.5819423,0.07033273,-2.7112453,3.3091073,3.752619,7.491611,5.597729,7.0356364,1.0999894,2.6242082,-1.0524701,-1.6518923,-3.3527212,0.77594924,-1.7317604,-0.60856384,-2.870533,-0.32937935,-2.5660377,-0.770603,0.48103732,0.5180917,0.66709787,0.74686337,0.6670385,0.5180594,0.44719684,0.44914007,0.43115395,0.49241552,0.49329394,0.4800193,nazli,korku
-637.1623,91.30541,28.470577,44.815613,9.621258,-10.442551,-12.87781,1.5778704,3.2734144,0.34537244,-2.9850583,-5.304611,-7.7195,-5.8969398,-4.802496,-5.091041,-3.9294806,-1.605874,-7.1806016,-1.5757082,-3.2023706,-8.404206,-4.4911184,-0.35226846,-5.55729,-4.5461254,-1.0924772,-4.8008842,-4.963822,0.7503685,-1.4411831,1.0931187,2.5855978,1.3763824,5.800005,3.3177876,2.9578407,3.9508564,2.1573713,1.72958,0.48628888,0.30215123,0.2197515,0.21603195,0.22115637,0.22544636,0.25145867,0.28751448,0.40171236,0.5309292,0.5640463,0.61852336,nazli,korku
-436.27927,55.94723,31.195751,23.86829,1.2632655,-4.7884803,-8.979457,-4.4626694,-9.719838,-2.8699074,-9.749422,-10.969592,-13.449783,-7.873244,-11.323881,-9.70618,-6.9173784,-3.2647784,-8.231753,-4.162024,-11.285059,-6.393616,-6.2382193,0.6088089,0.7689118,5.3577614,2.7022235,4.4308496,1.4637374,6.3198037,4.2446165,6.6444287,4.0319524,5.378601,0.52469844,0.55518574,-2.7185585,-2.0519688,-5.2477264,0.06472717,0.5305069,0.51693034,0.51419544,0.47421908,0.3975065,0.29732025,0.23609538,0.20187071,0.19279152,0.22431852,0.29591164,0.42486942,nazli,korku
-541.84973,110.307594,34.803272,37.104942,-11.238695,-11.016588,3.0118194,2.3466666,-21.497435,-13.081668,-4.469305,-13.307183,-6.7927036,-12.665458,-8.889677,9.18968,-1.9853342,-11.737829,-3.5495086,-5.063952,-6.385621,-4.7463593,-6.1153436,-7.4814115,-2.5940306,-2.22691,1.9996905,5.387705,6.9491296,11.850322,9.522155,5.8994484,5.890487,0.09579478,-6.636306,-2.802404,-0.8065613,1.49619,2.2158585,0.61330074,0.63129026,0.75057805,0.49789402,0.28998357,0.20584269,0.20187517,0.20141792,0.22667615,0.25947216,0.241111,0.2560504,0.41634172,nazli,korku
-348.09048,22.458193,16.628777,11.003114,2.953507,1.9266459,-2.36139,-8.694607,-7.213776,-7.902042,-9.68063,-9.660767,-8.842081,-7.2770348,-3.4196956,-1.0040119,0.64210933,-1.1195441,-3.2522771,-3.2169476,-3.2156744,-3.5685458,-3.272099,-2.115575,-1.1220344,-0.46523854,0.55150515,1.295939,1.4144784,1.6821009,2.054065,1.5473704,2.2559748,3.0225987,2.3564332,1.2676841,0.37849087,0.71589094,0.34289023,-0.013941559,0.5611029,0.48711485,0.46369365,0.49585822,0.48530483,0.41678622,0.37700126,0.40566546,0.40931252,0.45504498,0.55280083,0.5814532,nazli,korku
-405.08362,61.290672,9.749404,19.75547,-5.338348,8.527552,-19.33031,-5.111143,-25.015957,0.39430484,-13.483228,0.26213616,-16.201996,1.8750174,-13.111358,2.871134,-10.870987,2.5244176,-17.553408,-3.9862785,-13.232832,-2.117348,-11.399413,-1.1601168,-8.043402,2.412956,-2.3794656,8.053129,2.177998,7.9796624,4.5951104,8.9354315,4.259152,5.595653,2.5726933,2.7199118,0.4487487,0.886273,0.2802306,0.31198367,0.57725775,0.5621091,0.49244457,0.42562678,0.32191336,0.24101427,0.2430061,0.2476727,0.26124275,0.29422733,0.3938645,0.5131848,nazli,mutlu
-551.3058,94.140236,26.432808,39.71382,6.2681923,-4.1375084,-27.569387,-4.1077685,-4.086447,-12.7716255,2.7708614,-4.511277,-6.5693927,-4.076151,-8.387618,-6.5506377,-11.244429,-10.222504,-8.079598,-0.35743806,-6.764534,-10.534661,-7.248092,-2.7781606,-3.3580778,-7.2613115,-4.715706,0.83238846,0.12124157,2.3162265,4.216319,6.2157626,3.5079136,4.174047,4.9522567,1.3724272,1.8334868,1.0981643,1.706744,1.705794,0.42975396,0.36901674,0.303714,0.24800548,0.23542634,0.24486274,0.2851816,0.33957514,0.31928837,0.33896685,0.40992677,0.42211145,nazli,mutlu
-343.59906,46.372623,28.264807,20.109463,6.6522903,-5.9001074,-13.684348,-13.350792,-10.835572,-6.077287,-5.2816668,-6.7792006,-6.4097643,-8.330737,-8.915763,-5.6470337,-6.444191,-8.248782,-5.213799,-3.8723707,-4.7394986,-4.416372,-4.813809,-5.1499877,-5.136207,-4.190213,-2.6561556,-0.959162,0.6073857,3.2466059,6.471486,7.068156,6.2076597,6.5947056,5.156178,2.6555645,2.5000224,1.7630931,-0.09323758,-0.7425091,0.61230844,0.5103201,0.4322797,0.35349682,0.32165352,0.3038583,0.2999416,0.33985692,0.37182313,0.4119746,0.4699929,0.55038553,nazli,mutlu
-514.6836,96.46947,33.44201,34.552902,-0.4955924,-13.254488,-24.07723,-11.926036,-13.950503,10.572035,-6.15141,-13.572455,-1.8276188,-14.418992,-5.030067,-4.849265,-12.455085,-4.491117,0.9117237,-9.379238,-6.889844,0.24634154,1.197032,5.9495935,6.998138,14.187296,10.6170225,7.9678726,9.252797,4.762448,0.02762652,-1.7697452,-2.5154116,-3.8049316,-1.8762372,-1.6958834,-3.667904,-1.7031615,-1.5047896,-2.5248897,0.22884524,0.25697118,0.38942134,0.54717386,0.48423672,0.41345456,0.32008487,0.29349586,0.21968473,0.16792291,0.21518284,0.20308758,nazli,mutlu
-489.56415,118.13422,19.354273,33.36176,7.464993,-4.893356,-16.595732,-15.446698,-21.582476,-5.649642,10.844424,-15.011537,-12.363052,-5.5893106,-11.98105,-5.2381725,-10.95373,-15.264514,-8.839912,-0.9285433,-9.757317,-8.41987,-5.928121,-6.491173,-7.3635297,-4.54733,3.2146919,5.385804,4.919818,11.556946,11.297274,7.62256,6.8655505,8.757174,1.8773069,-1.3343537,-1.2660228,1.0978353,0.033919945,-0.9633698,0.6436616,0.5082133,0.33654854,0.20044607,0.13928047,0.14456365,0.15578842,0.1906495,0.16095334,0.2196153,0.36642867,0.58684576,nazli,mutlu
-520.1546,99.778305,38.236088,31.598003,-4.9906187,-13.089157,1.788241,4.648067,-12.530184,-5.2591925,-10.134254,-20.384653,-8.997114,-13.617762,-11.339301,11.677141,2.845739,-13.344887,-0.99923897,0.9053767,-8.47394,-5.7902417,-3.3017762,-7.383074,-7.498816,0.6064277,-1.0989882,1.4163375,-0.7656295,0.7538807,5.120398,5.198664,4.9753294,4.4312196,3.1295416,2.9500313,2.890356,1.645631,-0.6916495,-0.71549964,0.49145725,0.4161519,0.35795504,0.30839273,0.26906833,0.2500626,0.24957491,0.2631473,0.29583392,0.36297938,0.49981993,0.52257174,nazli,notr
-513.3544,104.563736,26.70255,16.392015,-9.3416815,2.475678,-7.164522,-17.850136,-5.2403355,1.3635337,-9.469871,-19.94477,-15.20736,-6.511671,-7.3039284,3.0524573,5.3384776,-6.595268,-5.350982,0.33251253,-5.502538,-3.7949035,-1.9087739,-6.2816486,-4.7739406,-2.5917783,-2.6657069,5.694452,-1.2256722,3.408902,5.6928053,5.4688168,6.3950934,2.1119843,-4.446139,-2.9137974,0.7468621,1.5766541,0.54442,0.7688343,0.5617375,0.60113126,0.4564282,0.34272298,0.25890708,0.28778633,0.30694172,0.3078365,0.35653183,0.39089432,0.37767547,0.4499495,nazli,notr
-328.37128,21.037498,20.31586,10.975046,2.9384742,-1.9500003,-3.7518606,-4.929951,-6.440567,-7.3835,-9.225909,-8.964185,-7.437176,-6.0996833,-2.75322,-0.9972818,-2.5080912,-2.4923756,-1.7225617,-2.5788717,-3.712567,-3.2504575,-3.8076205,-4.075369,-3.0714452,-2.9739199,-2.0196817,0.29372337,1.5004377,4.14549,4.844852,3.4103262,3.7383566,3.3464766,3.2595239,0.0889121,-0.64417523,1.2555295,0.9045491,0.6769675,0.6978524,0.66129214,0.55018836,0.5036971,0.44431835,0.3998505,0.39164186,0.4268383,0.4487766,0.49063075,0.5691814,0.646596,nazli,notr
-519.2394,121.122505,52.881554,34.073597,24.522821,1.5388094,-11.934741,-9.508029,-15.295535,-9.4942045,-0.91656435,-4.1875577,-9.550767,-9.307826,3.3050022,6.231056,0.069982484,-6.2694845,-5.363827,-2.3638067,-8.969925,-7.302467,-0.5976676,0.51540416,-5.526037,-10.138618,-6.230424,-4.3159785,-4.4551983,-2.3569105,4.1061363,7.931579,6.9161267,8.391486,7.6981797,4.057339,2.3832629,2.4616735,1.744959,0.85810614,0.55043274,0.3963331,0.31395298,0.28569788,0.27363497,0.26060838,0.26030686,0.300678,0.35591832,0.44018352,0.57364213,0.60427195,nazli,notr
-364.32916,21.211987,21.074987,15.316312,4.5432186,0.8000705,-9.0951805,-9.126093,-13.055305,-7.1993747,-6.8838167,-2.9476871,-3.7109976,-0.61951715,-3.0576172,-2.1508672,-5.4039006,-2.432437,-4.9757295,-3.2357464,-6.7926493,-4.5742035,-5.7180605,-2.545223,-3.9683843,-1.0243753,-2.5146346,1.5546994,0.59814614,3.501284,1.741821,3.9586513,1.3890381,3.7855122,0.26827657,2.414135,0.024100168,3.066043,1.449954,2.6235967,0.5718769,0.5707179,0.5909499,0.529316,0.4369079,0.41536665,0.44000614,0.46159428,0.51351404,0.52268857,0.5505143,0.57514024,nazli,notr
-458.1112,99.15458,26.627596,12.236502,-18.374477,-24.214064,-6.5456667,13.463345,-21.258215,-16.915276,3.7144578,-13.33111,-16.851156,-11.225752,-9.880335,-1.9659111,-6.198309,-5.0893183,-1.0274149,2.7720308,-9.020162,0.9549559,-3.30047,1.2331754,-1.0964135,10.034276,4.9696693,7.7318735,3.6304667,5.0715456,2.529091,-3.766456,-0.7634601,0.65494305,-2.412652,-1.0958761,-2.7502382,-0.2197872,-2.6794755,-1.5145038,0.35178486,0.40927684,0.46459815,0.43382937,0.35342324,0.28556734,0.278366,0.28453255,0.3125968,0.32568327,0.3223757,0.3137685,nazli,saskin
-517.59076,92.39675,25.971014,10.421499,-17.597853,-5.7103395,-4.065209,2.2237833,-4.2494106,-17.293007,-13.428033,-7.19035,-7.071223,-9.349556,-13.3821945,-6.860925,-5.4186034,-3.9547079,-5.316611,-5.282928,-0.7839221,-4.3247256,-4.676202,-1.3838018,1.3778437,1.8672786,-1.5246651,-0.30307543,0.39552435,-3.7130606,-0.6335064,-0.83288664,2.7920136,1.5826262,0.97452575,0.40094647,-2.1842453,0.7303408,-0.13898163,0.9370241,0.2527384,0.20800132,0.25508517,0.30582973,0.31156802,0.2831984,0.27911934,0.29979447,0.28072706,0.2818974,0.30010033,0.30322894,nazli,saskin
-540.0057,91.19583,33.245777,28.3794,-4.7698717,-3.348731,1.9387751,0.53848827,-3.3772645,-14.748001,-12.824694,-7.511211,-10.420838,-15.898403,-10.539641,-6.154636,-7.7017946,-4.189273,-5.254936,-5.3209243,-5.1999583,-5.7146716,-1.3886092,-4.6848483,-5.1957603,-1.0317907,-1.4696761,1.9612869,3.533891,4.467291,5.553506,4.572255,2.0510967,0.48571786,2.9468615,0.690612,-0.5709295,-0.14417021,-0.31599247,1.1240814,0.49048004,0.43646148,0.3906292,0.31269363,0.23055838,0.19777244,0.23837544,0.2814749,0.27943936,0.26618746,0.32213908,0.4291969,nazli,saskin
-447.17017,32.231327,17.25595,15.713257,3.9627218,-6.996214,-7.4767165,-4.0407033,-8.483352,-11.67784,-8.36941,-10.530165,-11.405958,-8.809711,-7.91143,-5.371326,-1.3394134,-0.18847454,-0.31223527,2.2378213,1.8157612,-0.488833,-0.2182021,0.39837283,-0.34278783,-0.9979579,1.6652846,2.574561,0.47783917,0.8228138,2.07832,2.4652705,2.4657025,1.4407666,0.010127882,-0.6654313,-0.9213218,-0.632419,-0.5639669,0.1739782,0.38127512,0.3719775,0.32705215,0.30429476,0.30853835,0.29636353,0.26848984,0.29068655,0.3217332,0.32125065,0.30172688,0.33471742,nazli,saskin
-482.84525,73.98635,18.300304,5.5027127,-17.90062,-8.1292,4.6194553,3.9912295,-21.647215,-11.166807,1.1491499,-10.415936,-8.291133,-13.84073,-9.056063,-1.5968206,-2.9536898,1.0734797,-0.83180726,6.6727962,2.6653018,1.9681726,5.9503217,6.7650795,3.2597952,1.7772356,-0.5262207,-2.6596184,-2.14307,-0.58331585,-0.06207032,0.61996996,-5.867516,2.8886206,-3.6283576,-3.0639734,-2.387003,-0.2615188,-1.846417,-1.7641948,0.30718288,0.40130258,0.36669648,0.35380363,0.36936265,0.429507,0.41616946,0.43404362,0.39402306,0.336345,0.29399726,0.2895748,nazli,saskin
-438.48495,66.802475,-2.0159328,23.509136,5.558189,10.905731,-30.296602,-24.335299,-11.287904,-4.447276,-6.3026094,-10.260011,-12.183649,0.24796201,-14.452035,-8.12632,-5.322696,-12.080043,-15.471441,4.4559746,-4.0595646,-6.57751,4.931901,4.3526,1.196002,5.995169,9.456241,4.8132715,2.7793298,0.56145215,0.8224844,-0.30666283,1.7774652,-0.821434,3.329737,-2.3604896,-3.5578856,-3.3014483,-0.026408453,0.49864313,0.36408225,0.35340285,0.36988994,0.4561212,0.47830525,0.39908734,0.3562949,0.3529863,0.3268702,0.27593273,0.25047085,0.30088368,nazli,sinirli
-448.82147,113.85558,21.720924,17.563992,-5.6010275,-11.608809,-23.495663,-4.1552258,-4.2689548,-11.171589,-5.9859133,-10.6984625,-2.5562792,-9.812297,-14.5141945,-9.282562,-9.9672985,-8.093957,-6.9725475,-3.6987271,-11.852973,0.898815,5.951702,7.050004,7.3508587,3.408292,3.23551,2.188362,6.1057544,7.1162353,3.1797166,3.573822,-3.3565137,0.31205437,-2.788053,-2.8430617,0.9535625,-2.6534493,-3.1944165,-3.346874,0.2799501,0.3741298,0.41376638,0.4236621,0.42184165,0.41871575,0.40217754,0.28631,0.22971341,0.1889497,0.17919904,0.2182311,nazli,sinirli
-574.86176,97.92164,16.253435,14.848765,-3.970884,3.4737313,-7.430073,-9.035484,-14.555164,1.5818948,6.939585,-7.4394774,-2.1741397,-7.01675,-10.996733,-1.5592198,-5.909344,-8.966466,-6.0274577,-2.5510185,-6.699028,-4.2833123,-4.5644336,-4.271774,-2.1165073,3.0416608,4.054146,9.072789,5.5302596,4.429326,1.384282,2.2119207,-1.5393058,0.42190507,1.5118796,2.2015476,0.97532433,1.065887,-1.4885014,-1.2676538,0.4002772,0.41544536,0.5024849,0.50362307,0.37709656,0.29095617,0.23835498,0.2526772,0.31657335,0.39170697,0.40322396,0.4046751,nazli,sinirli
-376.69815,55.750793,22.82263,10.339497,-1.4323639,-12.955971,-15.815245,-12.5802765,-12.108758,-5.67031,-4.0876613,-7.6782947,-7.3652782,-9.661496,-11.104301,-8.5435915,-8.313262,-8.807014,-4.866836,-4.7526355,-6.4033756,-2.5643835,-0.7273076,0.48510417,2.210467,2.532156,2.811187,5.265571,7.250975,6.2171855,5.759354,2.834067,-1.81218,-1.1855296,-0.26308656,0.33444527,0.97959936,0.16169652,-2.2187188,-2.4242392,0.39929935,0.46927088,0.511253,0.47017628,0.38800412,0.32930344,0.33913115,0.30888817,0.27793604,0.33386818,0.35117692,0.36073065,nazli,sinirli
-451.37952,87.7271,11.141236,10.591707,-12.038993,-19.693785,-21.727829,-1.7769474,-13.040839,-1.9728009,-9.305222,-12.659775,-7.5124316,-10.507702,-7.0323596,-9.669908,-7.131947,-1.4082177,-2.2842734,-2.8751996,0.6763549,5.7917066,8.909508,7.9153876,10.5343275,13.16359,3.7333422,1.7333771,0.99011564,-0.31999627,-2.2182994,1.2496127,-1.0876225,-3.619774,-3.2975874,-4.2705555,-2.7354844,0.7459344,-2.33717,-1.1853987,0.19530758,0.17200111,0.23847994,0.36890483,0.48096916,0.5195524,0.40336734,0.31371954,0.2772355,0.23934105,0.18141873,0.17676277,nazli,sinirli
-570.24286,88.19727,20.633469,22.271479,7.722847,0.05264576,-14.86095,-6.30534,-6.932675,-1.1001848,0.3257191,-11.136022,-4.6013684,-8.992564,-8.975348,1.6309906,-3.35293,-6.8912787,-7.8938565,-3.7834728,-8.953891,-3.690602,1.4916494,-5.520951,-3.4654055,-0.9430688,-1.7243302,0.12897733,2.3213112,3.1485944,1.6640159,0.9198199,2.9350464,4.6750226,2.113793,3.1379068,2.0586748,1.1901509,0.41248256,1.5801178,0.4207116,0.33519349,0.3208246,0.3288273,0.2850416,0.22303818,0.19454531,0.21190146,0.2943349,0.34601212,0.39003545,0.42264855,nazli,uzgun
-561.1295,94.08872,25.709589,37.309982,9.389004,7.8560266,-10.708689,-11.693723,-13.625503,4.450635,4.7710886,-20.37166,-8.807676,-5.0432844,-10.406622,0.847436,-4.9205823,-14.0099325,-8.024842,-4.1407633,-7.461533,-4.1276574,-4.319532,-5.9248276,-2.433932,-1.6246789,-1.4370288,1.3619648,-1.0795,0.8746331,3.600257,4.8377943,6.2189445,8.0479765,6.984832,1.7423544,-0.34215057,1.6131024,-0.24063516,-0.32713738,0.566601,0.42460182,0.38070068,0.36928278,0.3294453,0.28584826,0.26630637,0.29477838,0.34657103,0.41644445,0.5810042,0.6577676,nazli,uzgun
-366.5504,45.127945,15.183795,35.13262,-3.6120825,15.519946,-16.827742,6.4204526,-20.414822,7.798335,-17.107132,5.6142554,-18.41991,3.5826046,-18.707232,3.3644812,-15.206339,3.2917132,-14.434231,2.707927,-12.913391,1.9293027,-11.429745,0.35605732,-10.988286,-1.089874,-10.566074,-1.80347,-7.3979135,0.43618846,-4.7013693,0.7935613,-1.6726182,0.78277266,-0.018634377,3.0883894,4.197226,3.979383,5.0205507,2.8976045,0.39608246,0.33970737,0.3165641,0.30790225,0.3356531,0.3771566,0.40131685,0.49548593,0.5419533,0.59561867,0.57978576,0.49946856,nazli,uzgun
-370.47556,62.156845,11.819239,40.27556,-9.8943,14.852944,-23.196548,12.25962,-22.415617,7.166555,-18.004116,9.354846,-18.721186,4.0881,-17.27341,1.5799199,-13.520543,1.4742564,-13.802264,-3.4875343,-10.099691,-3.3353782,-7.8960595,-4.4798145,-5.068402,-7.068306,-5.37049,-7.0070825,-1.7390729,-6.3227863,0.8247655,-4.809654,2.9695735,-3.7728348,5.2568974,-0.2493356,8.650946,1.9959159,9.244853,1.8965564,0.31309316,0.26152828,0.24558458,0.28330904,0.27879748,0.30956447,0.42359474,0.49188298,0.66060317,0.65127933,0.56139237,0.4225893,nazli,uzgun
-386.64816,28.540192,24.735628,19.896305,8.929354,2.00332,-4.489146,-8.867751,-9.101081,-3.7679884,-1.9030985,-5.4133554,-6.535523,-7.570721,-8.126544,-6.5353417,-7.8278737,-8.487449,-5.0801854,-4.565596,-5.5122323,-4.4231787,-3.4523087,-4.6316605,-5.1591578,-5.1324635,-3.3167448,-1.3886696,0.6315707,3.8249714,5.2554173,5.9341974,6.1994567,6.3367815,5.7957373,3.8128934,2.851518,2.3031006,1.3199638,0.7837499,0.6867862,0.5926517,0.48697263,0.360547,0.31844473,0.2965654,0.2783147,0.28799126,0.34114394,0.41535237,0.51920336,0.6457221,nazli,uzgun
