MFCC_1,MFCC_2,MFCC_3,MFCC_4,MFCC_5,MFCC_6,MFCC_7,MFCC_8,MFCC_9,MFCC_10,MFCC_11,MFCC_12,MFCC_13,MFCC_14,MFCC_15,MFCC_16,MFCC_17,MFCC_18,MFCC_19,MFCC_20,MFCC_21,MFCC_22,MFCC_23,MFCC_24,MFCC_25,MFCC_26,MFCC_27,MFCC_28,MFCC_29,MFCC_30,MFCC_31,MFCC_32,MFCC_33,MFCC_34,MFCC_35,MFCC_36,MFCC_37,MFCC_38,MFCC_39,MFCC_40,Kişi,Ses Türü
-490.9989,144.51926,36.98608,39.49001,2.7090127,8.792487,1.9286975,2.2558384,-0.78443134,-6.232926,-0.37681535,-14.640394,-8.184261,3.4420118,-13.980204,-11.747764,-3.0363247,-2.4334762,-2.9317467,-9.335506,-2.333139,-4.6482725,-8.941936,-4.668191,-5.1610055,-3.2532973,-2.6911466,-6.102564,-2.2046623,-3.238798,-5.157973,-0.123850666,-3.008223,-1.1517873,0.6835166,-0.8116973,0.58505416,-0.8912609,0.49447563,3.0546036,elif,korku
-486.00204,142.14574,41.39157,40.00138,-0.85978466,3.9433255,3.4204981,3.1048684,-3.1901562,-7.2145314,-1.2469187,-13.905408,-10.4809475,-1.8719144,-12.984724,-8.314229,-5.209246,-9.1624,-4.1716046,-7.0791755,-4.586236,-4.3137484,-7.032617,-4.4112825,-6.114095,-5.2033863,-2.2623563,-6.7119465,-3.4309149,-2.4412878,-4.7426023,-0.5786506,-3.6714425,-1.376106,0.49594963,-1.0808004,-0.38602108,-0.71630067,2.244335,2.3712025,elif,korku
-499.93265,141.51936,26.270403,45.314327,1.8631233,13.865196,5.688345,6.007105,1.3234516,-1.6688446,2.9584758,-13.896455,-11.34737,-0.4163813,-11.398248,-8.759962,0.4526503,-3.521981,-1.2985809,-3.1916325,-2.4989815,-6.340018,-8.701061,-2.4342875,-5.244489,-5.194081,0.11211675,-6.275341,-3.7966561,-2.5176675,-4.612381,0.056180444,-4.1387734,-1.1980352,-0.07065801,-1.2682163,1.3243566,0.2053371,0.7673198,3.6549258,elif,korku
-495.14294,158.82918,31.09653,37.107155,-5.0138936,11.936269,10.8028755,5.674144,-4.1949353,-6.4090977,1.5444767,-16.223036,-8.736071,0.2107098,-14.049802,-8.134834,-4.3145375,-7.724053,-1.8823923,-4.9588456,-4.973346,-6.3018746,-5.4222126,-3.5453956,-9.305239,-5.452751,-2.31545,-7.8474026,-3.9730144,-4.555087,-5.877176,-1.9755614,-5.157396,-0.68681747,-1.8614401,-3.7398067,1.2853874,-2.3521526,-0.82949865,3.4791553,elif,korku
-495.61124,147.78558,32.89302,45.034084,4.8816423,12.659655,4.012688,2.5456562,-1.0870056,-4.694456,-0.2750505,-14.97873,-9.725989,1.7222439,-11.438517,-10.814,-4.232284,-4.2310762,-0.0112162735,-7.111271,-6.102849,-3.107098,-7.2110066,-6.406372,-5.382053,-3.6918027,-2.3483474,-6.7506785,-1.4644144,-2.784934,-7.75674,-1.0614867,-1.8084936,-0.7036045,-1.5324037,-1.8930539,2.033562,1.2155948,1.4466313,2.4125144,elif,korku
-504.722,151.56989,31.463049,44.813843,5.8129044,15.089445,5.9639764,1.7780263,-0.76496804,-2.2978077,-0.30877817,-15.338758,-9.747758,-0.18390827,-11.496562,-7.843916,-0.8297663,-4.5111814,-0.45951214,-7.08221,-5.974149,-1.5984215,-7.5012164,-3.513073,-3.1348298,-4.648763,0.7647116,-4.1094184,-1.5996001,0.5431689,-4.1798267,-0.17947404,-0.98435104,-0.39419362,-0.26566893,-1.1083714,0.052954283,-1.3060037,-0.43342033,1.512311,elif,korku
-416.54428,169.03989,-1.856694,31.294767,10.975686,1.8384551,-19.347206,-1.3311129,-1.7595978,-21.271988,2.415471,-7.4774766,-8.447503,1.0483297,-11.957079,-4.799804,-3.2288916,-4.333875,0.1863506,-9.461777,-7.1482787,-5.427606,-8.52263,-1.0650452,-4.542065,-5.6692653,-1.1034545,-7.589272,-2.9851,-3.665735,-6.22576,-1.0553972,-5.122942,-2.6197727,-2.5963998,-3.24044,0.43214202,-2.0820475,2.0613108,6.205327,elif,mutlu
-410.09634,160.27017,3.9289932,27.458954,5.8989735,-1.0680994,-18.333431,-5.570571,-3.7158813,-18.68479,-2.5924993,-6.9637494,-7.8823495,-1.7799866,-11.417362,-5.268862,-1.6737045,-4.929593,0.82925624,-7.7288427,-6.6258955,-2.664926,-10.932021,-4.123006,-2.2103505,-7.9254603,-3.7276142,-6.0862517,-5.899566,-2.6152716,-3.9377892,-0.20086269,-0.86179394,0.21485631,2.2133482,0.1253545,1.1886386,-0.6405126,0.09990215,2.6642647,elif,mutlu
-401.2837,176.26144,-3.8005495,24.635086,10.626015,-2.3683398,-22.948841,-1.8003697,-0.45042107,-21.643225,0.7476071,-8.145284,-11.755241,-2.2890584,-9.809474,-5.9771557,-5.2132635,-4.126466,-0.1965136,-10.035863,-8.714779,-4.471549,-9.066213,-1.0163157,-2.1449375,-6.7095823,-2.5523078,-5.5797873,-1.8851364,-3.1059718,-5.761659,-1.2851965,-2.8100324,0.21822654,0.19668287,0.49176016,2.1294534,0.43535605,2.6250434,1.4056679,elif,mutlu
-401.1573,158.79128,9.400414,23.585873,6.0373597,0.8849034,-15.003671,-3.2661285,-2.00376,-16.087942,2.7275393,-4.3183026,-11.085356,-5.25623,-9.838448,-3.772194,-1.710887,-6.4085865,-2.0361438,-5.316357,-6.4624977,-4.3652196,-5.7531133,0.4968102,-2.6602602,-4.6569314,-0.84503704,-6.7276144,-4.1866384,-2.7805908,-4.1063013,-0.24242847,-2.2003145,-0.03560208,-1.2822798,-1.6347715,1.5457141,-2.177825,1.0027945,2.7069461,elif,mutlu
-407.58563,154.8759,5.0449915,22.02229,8.329386,-1.9607085,-15.160593,-1.3777452,-4.0671163,-14.728972,0.42167184,-4.5783796,-9.188127,-3.7324479,-9.7557955,-6.64169,-1.4458623,-5.469942,-1.9690659,-6.386943,-5.587287,-2.1899672,-6.7073264,-2.6401446,-3.6443968,-4.918018,-1.9301857,-5.41053,-3.3133075,-1.3537022,-2.4641967,-0.81392527,-2.338051,-1.5131199,-1.1285126,-0.32851514,0.4380224,-3.9786735,-2.267943,0.28698522,elif,mutlu
-523.7902,153.19011,45.13061,39.546207,4.204457,9.542485,3.520844,3.2098842,-4.837692,-3.0289931,1.9066664,-13.5049,-2.5389876,2.6408591,-13.4212,-5.135079,1.0854715,-3.167315,-3.108302,-6.159871,-0.6149864,-2.397559,-6.5018344,-4.2523246,-3.6767507,-2.5613513,-1.6115042,-4.4397707,-2.1052735,-2.5287998,-6.2417297,-2.8147907,-1.6904515,-0.87317705,-2.2388635,-1.8566525,-0.83956724,-1.4832516,-1.3547581,-0.8224266,elif,notr
-491.18033,152.56178,41.43013,43.625843,5.8384724,-2.8161697,-12.164423,-3.7241707,-0.54665434,-8.931973,-4.169629,-13.13539,-12.683267,-4.7509375,-13.096266,-5.798683,-0.43446785,-8.081311,-0.1998849,-7.6922445,-8.153694,0.99405783,-5.507611,-4.529668,-5.567912,-4.485639,0.47541076,-5.9091763,-3.2581556,-1.210891,-8.558036,-2.3278222,-1.2080017,-5.314075,-1.3781601,-1.5681423,-2.5193784,-3.4406416,-1.753788,0.5625169,elif,notr
-512.7947,153.95135,22.450224,56.146114,4.2362227,-6.0612245,-4.142517,4.3111024,-3.1286933,-3.4419422,4.093555,-9.139383,-4.0427523,0.26741976,-11.812408,-4.243967,3.106528,-5.8564367,-2.4944978,-4.2434344,-5.3652062,-4.547122,-4.9106927,-3.3239758,-6.1272216,-1.6447629,-0.3478283,-6.1853504,-1.5324651,-1.8485543,-6.658847,-2.5132947,0.22273669,-1.3551394,-3.2263656,0.43998557,0.88507825,0.18358138,0.5643436,-0.29629856,elif,notr
-514.21277,169.02298,30.075983,44.613556,6.879667,4.0653143,-6.29684,5.4441385,-6.2733593,-6.3106813,8.29569,-11.44552,-5.6704903,-3.1059613,-11.573523,-2.987244,0.9087948,-4.772635,-0.27943036,-3.2747285,-5.0225086,0.1653355,-6.253824,-2.6815026,-1.6607339,-2.698358,1.7854381,-6.487195,-1.0308809,0.91033787,-5.7511406,-1.919882,-2.4164112,-1.5411575,-2.6994038,-0.97032034,-0.7327822,-1.6478033,-0.9970617,-1.8073963,elif,notr
-481.24814,170.9428,34.589535,33.63023,9.264119,6.4594603,-5.4932656,0.033197578,-5.9628253,-10.514624,4.290857,-9.046925,-9.378696,-5.574321,-11.308707,-4.2084165,-0.06020407,-4.5842924,-2.5691974,-5.90948,-6.3934474,0.9128921,-6.6513815,-5.749446,-2.3730335,-3.4645677,-0.33673277,-7.7410626,-3.2330499,0.14083004,-7.0050697,-4.2383947,-2.458627,-1.7633076,-2.4361668,-3.349553,-1.9052846,-1.4222107,-2.4528453,-1.8090957,elif,notr
-480.6705,162.24371,35.675194,39.09795,4.7760158,4.233577,-4.5988035,-0.36145893,-4.178554,-7.409407,0.5342203,-13.119218,-9.471185,-7.0983844,-11.016793,-4.298805,-2.7363722,-3.972999,-3.7436373,-6.1796803,-5.0052075,-2.1959703,-6.0115337,-5.4185834,-4.108612,-3.0688057,0.32079032,-8.622708,-3.9879138,1.165551,-7.3592424,-3.9435487,-3.0533924,-2.824472,-1.7998977,-1.8005297,-0.35377264,-1.1292864,-0.9166505,-0.28270954,elif,notr
-474.53796,152.8093,35.74263,41.93459,4.3413444,-2.4725099,-7.094075,2.7040753,-7.851424,-11.895152,1.5371907,-12.215167,-8.420047,-3.824757,-11.229633,-5.256382,-1.6952109,-5.715497,-4.350734,-5.168914,-7.030977,-3.5733778,-5.632818,-5.742429,-3.4772012,-5.2451854,0.87411886,-5.71429,-4.6138115,0.9790168,-8.668789,-1.371968,-1.9680096,-4.0095463,-1.2073988,-3.291708,-1.4125056,-3.6550727,-0.52240413,0.49980667,elif,notr
-494.391,158.56898,39.779133,43.900047,9.585753,0.90366936,-10.965463,-3.4827175,-4.2203317,-8.762406,0.5069102,-9.155377,-9.352926,-3.9034948,-10.747767,-4.728169,0.13425057,-4.892801,0.5171168,-6.704809,-7.4913626,0.62386745,-6.877001,-6.326934,-3.3155262,-2.6959767,-0.32046413,-7.6321015,-2.6431322,0.11825463,-8.919854,-2.0482678,-0.44968846,-3.249622,-0.93266004,-1.906142,-1.4141436,-1.0194106,-0.07368797,1.7722381,elif,notr
-496.41708,166.76788,29.683216,49.105278,8.319378,0.22427057,-12.083661,-2.829287,-1.0637522,-10.731079,-0.76104015,-7.974145,-8.679997,-3.3453183,-12.167293,-6.180137,0.9778209,-7.3750706,0.15187225,-5.4700336,-9.737917,-0.8827108,-4.6588616,-3.5027895,-5.6485186,-4.4227366,0.78153974,-7.83707,-5.23563,2.3956287,-6.4568,-4.9565587,-1.027379,-4.314164,-1.3797878,-3.8666878,-1.1384958,-0.7702743,-4.6311517,0.7362529,elif,notr
-481.3244,152.04633,44.980743,36.586433,17.18359,-0.4347133,-13.108244,-5.540142,-1.5931726,-7.148441,-1.8150748,-12.526893,-14.860891,-5.044516,-9.969335,-6.835746,-1.3986816,-5.4893303,-2.9193962,-6.3971953,-6.200724,-0.29874924,-5.9336834,-5.277003,-5.4077253,-4.751668,0.9820491,-6.4144745,-5.0673113,-0.67651814,-7.2450914,-2.9684346,-1.1264207,-3.3846245,-0.33602577,-1.432152,-1.0487837,-1.9957411,-1.9762917,0.7869337,elif,notr
-446.9081,133.51814,36.61821,33.664616,0.19156545,0.86123383,3.6725655,5.767423,-10.251507,-9.445852,0.180949,-15.490538,-5.417108,0.77142143,-15.721846,-10.471344,-1.2912526,-2.7638974,-5.509884,-6.275022,-2.3590298,-6.9404025,-7.769335,-3.176619,-5.6776357,-5.2658,-2.634551,-3.9292512,-0.4133206,-0.4121498,-0.97979826,2.2660816,1.521616,1.935718,1.853237,0.96632254,-1.9194567,-2.0243938,-0.9775287,-1.2934171,elif,saskin
-459.5005,131.97678,39.677864,32.35444,-14.093595,-4.2065578,4.288202,5.6991982,-9.243406,-14.248219,-4.983644,-13.423957,-8.122382,-1.8583051,-15.463659,-12.751704,-5.314947,-6.7779875,-3.7985716,-5.766685,-6.9042716,-4.5713143,-1.591137,-4.138554,-4.715873,-1.4136293,-2.474153,-4.269304,-0.060493074,0.11291532,0.1458268,5.816694,6.7510467,6.357278,4.490043,3.5435674,2.4225996,-1.2515998,-0.88823915,1.1124951,elif,saskin
-476.55847,122.405876,39.743526,43.295956,11.392077,1.842401,-0.8319747,2.501452,-0.15464365,-10.234055,-6.1150436,-13.956074,-4.625218,-1.3962597,-18.211643,-9.215132,-3.8900115,-5.42349,-3.7377388,-9.419156,-5.229936,-2.8410513,-6.777699,-8.226492,-7.654227,-1.8694007,-2.5207927,-6.4100795,-3.6522586,-3.4827192,-4.73744,-1.8951663,0.596285,-0.0019619206,1.669309,6.107727,4.711103,2.8762076,5.811355,3.0233507,elif,saskin
-481.97733,140.57283,34.212055,37.069168,3.7078414,-3.839695,-4.2727394,1.3014456,-3.9141126,-5.5026793,1.4279125,-14.001911,-9.96831,0.82940847,-12.937341,-12.323169,-5.085197,-8.15023,-8.45627,-2.9794183,1.9020947,-5.512032,-7.7005467,0.8004847,1.5408704,-3.6598394,-4.212505,-4.475125,-0.25953722,-1.9758143,-5.296808,1.4796402,2.0123181,0.6644156,1.7810497,5.9425364,5.082829,-0.4563538,2.2636263,2.9795718,elif,saskin
-450.1001,125.05623,44.26634,30.628592,-6.584258,-3.2670636,1.7218926,10.982178,0.46717325,-4.3603964,2.0589523,-8.894644,-5.2849727,-2.7768357,-13.327117,-5.9168034,-0.39998224,-7.13605,-3.8971756,-2.649207,-1.1138401,-4.9613714,-6.3781147,-0.3894261,-2.3690188,-2.2393785,-2.4584186,-2.075744,4.095439,0.11692391,-1.7515689,4.0316925,3.1583018,3.5432932,2.5976582,2.1249545,0.9822857,0.28319976,2.5243676,1.6419234,elif,saskin
-421.64017,127.47188,25.615475,47.261154,10.011246,10.32195,-9.211463,-7.905967,-12.734605,-11.850956,-0.39357534,-16.314808,-8.825678,0.1762554,-16.336134,-11.084529,-2.161374,-5.2890472,-4.554969,-7.6203465,-4.416398,-7.7466817,-9.136469,-3.7470386,-5.030872,-7.0091796,-2.305852,-3.6965783,-4.3092594,-2.036334,-3.8496141,-1.3675723,-2.090131,-0.41748142,-1.5916668,-2.048988,-0.073738664,-2.1220274,-0.38504001,0.73841244,elif,sinirli
-390.7366,137.88078,10.631748,17.672483,4.9869905,8.748336,-8.878839,7.7566824,-4.496146,-15.615742,-2.5053742,-15.491786,-9.361806,-1.2643683,-12.951565,-12.801518,-7.5288486,-5.696455,-3.4304683,-6.2910056,-4.6400566,-8.0464115,-9.058645,-0.7789873,-5.833705,-10.268968,-2.118512,-2.2949772,0.87592554,-2.5489955,-2.6312048,4.2361817,-4.130778,0.71886265,1.5487171,-2.0261083,1.8536459,1.2253871,2.5947526,0.5004509,elif,sinirli
-398.02216,129.6188,28.269615,40.464523,3.5173178,8.146326,-7.3787265,-2.483049,-7.252592,-14.966473,-8.542907,-6.685088,-1.985025,-3.7218394,-15.222171,-7.428755,0.67716575,-7.318602,-6.5919843,-9.773453,-5.2862825,-3.9554484,-9.684439,-4.1051936,-0.84865963,-4.719286,-2.397792,-3.2756522,-1.9072199,-1.3490387,-2.5832229,-0.063849375,-3.1985164,-3.064026,0.2331278,3.267244,3.0578523,0.8685797,-0.12172027,0.83596766,elif,sinirli
-361.884,143.75319,2.477306,31.13285,-2.9848118,15.39729,-12.059444,3.3193383,-8.023642,-14.347584,3.827942,-6.8528523,-12.792874,0.7639968,-5.904739,-8.595452,-7.922758,-10.331704,-0.77596575,-9.949615,-5.793406,-6.706919,-8.796651,-0.99938357,-3.3694155,-7.1557555,-2.0641854,-3.5603876,-0.25642362,-1.6173651,-4.1156116,0.070888914,-2.4617715,1.0926431,-0.9349869,-0.1108782,1.5410215,2.3776643,1.1083477,1.3655251,elif,sinirli
-378.9104,134.42961,9.029463,34.43442,-23.41129,15.404159,-11.633356,9.30469,-4.9620614,-9.882646,0.31407738,-4.5798187,-11.183781,2.2057478,-8.733386,-8.579096,-5.3964524,-13.659341,-0.9922804,-13.354789,-6.472494,-8.636484,-8.249897,-4.495372,-4.955574,-7.5358996,-3.0642288,-5.6494474,-2.3727021,-0.71059436,-8.035416,-1.9331324,-2.1526752,-0.14075293,-1.7036096,1.2833173,2.233203,4.4961815,3.5783515,5.3723717,elif,sinirli
-452.9364,191.55058,4.2676425,18.266243,-4.197291,8.274537,-4.547158,3.206475,2.6616096,-9.145136,0.46238917,-10.502162,-4.1665583,0.20287614,-8.668603,0.14828788,0.4253016,-4.0999985,0.3615424,-10.253834,-6.2378073,-0.49650595,-7.9390984,-0.80292976,-3.3023794,-4.593798,-0.5884349,-4.62636,-0.4485403,-2.9090965,-5.783653,-1.1266005,-2.879213,-1.7837409,-2.3371258,-1.630818,0.5881862,-3.4357634,-1.8193558,-1.0755116,elif,uzgun
-464.00705,177.37288,15.789246,28.38703,4.792866,1.5728735,-10.030935,1.1977782,-0.9510861,-14.883718,2.0662563,-7.9863544,-8.53673,1.206806,-11.261017,-5.7774568,-2.3723896,-5.7457514,-0.071960844,-8.001356,-5.142516,-4.4233146,-8.582211,-1.2262639,-6.4951797,-5.9739084,-1.5978181,-5.5626616,-3.2071059,-3.620452,-4.4019737,-2.6129072,-3.1779606,-1.5081884,-2.1325321,-2.4971054,-0.4861715,-3.4570425,-2.20166,1.5747684,elif,uzgun
-477.05615,173.31433,46.41748,18.522987,-0.08060684,6.6472144,-1.9767059,0.4428715,0.25607377,-9.979741,-1.2833235,-8.429632,-7.5585546,0.2394792,-9.60258,-7.949539,-0.37300742,-2.7850096,-3.5840712,-5.6991534,-3.8559163,-1.6754527,-6.4048543,-2.1971388,-3.5005286,-4.9806004,-0.23134936,-5.0482926,-1.3210399,-1.7900143,-5.825258,0.29651636,-1.8156484,-2.0578218,-0.73160964,-0.28544077,-0.0068088085,-4.4349985,-1.0535631,1.1541979,elif,uzgun
-480.48895,158.62404,28.224567,37.73894,8.856312,9.46334,1.9088917,4.7292957,-5.550145,-13.481653,0.2685226,-12.709998,-10.562594,1.148872,-10.964182,-7.329963,0.61058915,-5.860539,-1.7950671,-4.820972,-5.363263,-2.8184466,-7.486639,-2.0491815,-5.497086,-6.498925,0.97134995,-4.4061866,-2.605612,-2.3704588,-2.8925588,0.050932568,-5.2723117,-0.6655215,0.53022635,-2.280441,0.050488103,-1.9252946,-0.7924745,1.4769765,elif,uzgun
-483.02667,143.23195,40.3286,34.838078,2.0014806,6.932715,0.5367157,-1.915589,-6.1464386,-10.789983,-6.279863,-13.773365,-7.86607,-0.14135176,-9.07773,-6.987301,-2.8342686,-5.875557,-3.8534412,-4.0258307,-5.731766,-10.748788,-6.4673247,0.69349647,-5.4201403,-4.813596,-1.2266484,-5.835704,-1.2873162,-0.07388524,-3.276146,-2.2246447,-3.431516,1.2814335,-0.5993194,-4.535706,-1.8537226,-2.9888377,-1.0354968,0.89323896,elif,uzgun
-476.69366,76.6538,10.085179,12.197559,0.6430465,0.2857557,-4.878776,5.2907643,-14.630125,-12.775318,-3.1679752,-9.670916,-16.536427,1.3106103,-12.453035,-5.912085,-0.8384953,-1.156633,-2.904767,1.2279034,2.5261886,4.432828,0.28299284,4.379611,5.975427,3.1203668,1.5309883,1.0188278,3.793556,0.44344133,-2.0828643,1.2666384,-1.0727215,-1.5162635,0.6818454,0.11308389,-1.5705519,-2.1273081,-0.5716921,-1.6753286,irem,korku
-519.9475,88.541534,29.843979,30.151749,4.793961,2.5374641,5.019617,7.351537,-16.035475,-7.2728553,-2.5468268,-11.677411,-15.833331,1.3907887,-11.444336,-7.2784333,-3.3628428,-5.951414,-6.7477145,-6.084069,-6.414287,-2.6086571,-12.044996,-1.8615878,-3.8701482,-2.6863525,-1.3470684,2.8312898,10.392554,7.2086115,14.072128,9.625235,8.0727215,6.809721,0.5371585,-2.4822044,-0.08962988,-0.12464183,-0.8526054,-0.37639436,irem,korku
-474.4814,68.650925,12.862914,16.437317,4.2929735,1.6944083,0.239311,2.8460839,-15.192422,-1.105638,-8.811747,-6.914501,-22.423758,3.7052364,-13.282939,-11.111299,-4.0573397,0.99606913,-8.939436,4.628587,-4.0070457,7.2703376,0.24432033,4.4974284,7.223064,7.232421,7.693122,4.6848054,3.7383885,2.0425627,-0.57593685,-2.7628953,-0.75945914,0.07424164,0.39772728,-1.3208396,-1.5015031,-3.930516,-0.65367365,-0.85208476,irem,korku
-500.23743,90.70863,20.40909,16.702261,0.6011086,3.383771,4.3165665,10.331698,-18.48925,-5.3555856,-4.2212176,-10.153004,-19.85076,2.195296,-20.345745,-6.109735,-4.6662827,-2.2325776,-7.6737866,-4.9267387,-6.831444,-1.17951,-8.853619,4.2599835,-2.1976683,2.6712635,2.1302485,4.067566,7.7189617,3.568749,5.921702,4.4039,3.7462406,-0.824394,-0.1893072,-0.35539892,2.8748024,-3.1400342,-0.04322624,-1.5498304,irem,korku
-499.77097,72.04328,24.126282,20.970018,3.8240104,4.632617,6.026582,15.753257,-12.534399,0.52578384,0.064904295,-3.0026627,-18.98607,1.0960758,-10.779443,-5.8385544,-3.2201676,-3.5997424,-4.934467,-1.108652,-9.34459,0.54066133,-10.120072,0.3214113,-4.9119153,-2.0235107,0.02614176,-1.4402789,4.9615064,0.77800226,3.6000135,4.0707874,4.3918543,4.7434993,3.393139,2.2172318,3.419969,0.23314159,2.5432496,-0.5830189,irem,mutlu
-464.20267,103.707596,21.441782,29.244995,6.2970786,2.5497103,3.1120014,8.45459,-17.321903,-6.960447,-5.606655,-6.917223,-12.785703,0.7069197,-14.013885,-2.230586,-4.366883,-1.9841484,-12.002978,-1.553844,-5.474183,-3.7665036,-9.781818,-3.9109752,-5.6495996,-3.1846375,-4.5919843,-3.2862551,-0.74537194,-0.14208603,-0.52283007,-0.24751022,3.4971967,1.2244059,5.8126736,4.255029,4.8063383,2.4213727,5.3075876,2.9144828,irem,mutlu
-421.15628,105.49719,17.867071,16.84524,0.39693838,5.740245,-5.6407824,1.7351267,-17.161251,-6.6676254,-2.1072176,-18.921856,-14.236392,3.5849216,-17.721142,-2.0719252,-6.305616,-5.1432843,-9.06549,-1.5974517,-3.564749,-2.3077672,-5.1652727,2.1113896,-3.8886843,-0.22009467,0.87116325,2.9778478,4.519256,5.293535,6.735131,5.55802,6.983856,3.847637,3.4458678,0.13377115,1.3929099,-0.26057062,1.2597945,0.11788699,irem,mutlu
-417.79813,109.72124,11.661134,15.945189,3.6476922,-11.386175,-7.1579466,5.286551,-16.553932,-9.216697,-5.4654346,-17.018167,-12.307585,4.2549496,-18.336697,-4.289059,-4.290098,-7.4562793,-7.950438,-1.749697,-4.3948874,-3.184597,-9.89657,-2.911738,-6.5380907,-0.103541285,0.16810054,0.13980187,4.639524,4.862492,3.3590295,5.4102635,6.5943556,5.185077,4.675364,0.4674583,1.5886271,-0.65529054,2.3981006,1.2603419,irem,mutlu
-407.3702,114.25634,7.6621604,17.533278,-1.6439596,-5.897175,-4.8187075,2.0792437,-19.609083,-9.074786,-2.9445155,-16.875923,-12.321988,2.8162072,-21.184155,-3.0714278,-5.03135,-8.527887,-11.276213,-6.43753,-5.922054,-4.9708714,-12.296884,-3.5620832,-5.302704,-2.9941595,-4.7954345,-1.262093,0.7497643,1.2842879,2.9270887,3.4672318,7.705108,6.314923,7.5123315,5.326556,5.5858297,3.539907,2.6199646,0.94353205,irem,mutlu
-380.61163,111.2588,-3.1173382,11.061206,-0.9176472,-1.3020762,-4.32314,-7.215226,-22.822195,-3.0779757,-1.0969306,-22.2036,-14.162897,1.3428304,-12.676472,-7.909168,-9.6083975,-2.1070204,-11.764201,-3.853902,-7.0979557,-8.147085,-5.25795,-4.576946,-7.035896,-1.4867984,-0.045033094,1.8438476,3.4389825,6.072935,6.0781507,5.4433203,7.5735292,6.7660494,5.951994,3.8434336,2.0874372,0.23273641,0.06739632,-1.0937506,irem,mutlu
-511.2454,99.198944,46.828167,27.769474,1.1002064,-5.707493,-6.676296,2.0219998,-8.925271,-3.9629252,2.8429723,-2.7330208,-9.893487,2.6060917,-7.935739,-7.0239606,-0.8969686,-4.5192733,-7.9868894,-2.72273,-5.65844,0.0928298,-8.847256,-2.2070203,-1.5481654,-2.786682,-2.170138,-1.6771299,0.44344166,0.33549824,-1.8774388,-0.45357725,3.0261009,-0.20042461,3.7427497,0.9793499,2.4728134,1.6530648,1.2693241,3.2762961,irem,notr
-468.87927,88.45942,28.467848,39.916435,-8.245992,-17.627623,-6.883806,2.3124595,-17.128632,-2.7908916,3.5748043,0.4042281,-12.815708,3.466582,-6.821275,-3.244531,-4.0451393,-6.344324,-7.790077,0.24142337,-7.6579394,1.7691797,-10.50449,0.9607885,-1.5878203,-3.1267283,0.2986054,4.404844,3.043273,2.4556217,2.4096434,-0.47573715,3.9456844,0.119093955,1.2873785,-0.6706469,2.735814,-0.5496302,2.4284647,-1.2454157,irem,notr
-480.04773,97.08766,33.28491,30.382624,2.3989856,-11.083297,-6.9011517,-6.3119607,-12.743638,-3.9993584,2.7824373,-3.5181983,-13.647658,3.3961263,-4.2306023,-6.740366,-8.383239,-3.183648,-6.505782,-2.5240319,-6.0060964,-0.5820225,-5.5535336,-0.19762251,-4.192207,-1.7321577,-1.113559,-0.5765905,-0.87643546,0.5668846,-0.81171983,-2.2792401,2.2697072,0.5211823,4.6270895,3.048381,5.2681313,2.8419547,4.1332994,1.6404685,irem,notr
-491.00317,97.34865,39.773647,31.861979,5.4984593,-2.206569,-9.089667,-3.0342987,-6.964933,-6.960022,4.93305,3.7463176,-15.753295,2.4992697,-3.843136,-6.412121,-2.412343,-6.221681,-5.52619,-2.6048875,-5.3321505,0.5761702,-6.949903,-0.35962176,-3.0966527,-3.5027046,0.2571483,-0.5188551,-0.4829251,0.44270828,-1.8966323,-0.34011522,1.1888801,1.4441297,1.1515591,-0.3057344,2.6735492,-0.295041,2.99703,2.4212093,irem,notr
-469.11597,101.457954,31.69522,30.586956,8.7783985,-5.2133384,-10.491563,-7.654083,-16.845583,-3.9680948,5.9226346,-4.983025,-17.339598,4.9448686,-8.255213,-6.2120814,-5.3893967,-4.8885164,-7.093894,-3.4984107,-6.881946,-0.8086572,-7.3121486,1.2234437,-6.4007072,0.50581086,2.2959816,2.3102114,8.29912,4.702944,3.6651034,1.0442642,3.0008674,1.2158787,0.45795172,0.9757376,3.9421487,-0.5936694,1.4826165,1.4022193,irem,notr
-514.2758,78.26406,27.73404,32.201653,-0.18552922,-7.4240775,-5.4535503,0.7953829,-7.0347366,-3.4039013,-0.52255344,-2.999613,-7.98497,1.1661171,-8.56821,-5.477475,-0.52837586,-7.1753254,-7.7521358,-0.9637851,-6.2120194,0.6479513,-6.465047,-0.3231173,-2.017398,-2.689169,-0.26832628,-0.731214,0.6024489,1.8052138,1.6325929,0.63033926,5.0309434,3.8421052,4.074759,3.828148,3.4027097,-1.1693897,0.93255174,-1.461191,irem,notr
-415.31088,81.03799,6.723497,-1.2032982,-15.17892,-7.997213,-2.521535,12.980409,-16.463566,-1.2277172,-7.59921,-8.298824,-20.318813,2.9174376,-11.888096,-1.6740518,-1.972592,10.483013,-1.9622812,8.539649,-6.638061,2.5558522,0.23812176,-1.2217628,-2.009949,2.5725877,-3.4699514,-1.8588156,-1.3633192,-0.078449026,0.6077577,1.7215836,3.5697854,0.91188616,3.029594,1.6841892,1.3948525,-3.724509,2.7360277,-1.817655,irem,saskin
-423.6616,93.71552,7.6887975,3.1187053,-24.897806,-17.876038,-5.5857472,10.141517,-19.849827,-7.0568156,-6.854315,-16.001179,-16.163546,2.3484347,-17.321577,-0.48608482,-3.2542531,-3.322558,-2.3331447,4.943186,-2.4005861,8.568044,2.1606717,5.580679,-0.55848396,3.2014608,6.9791594,5.255867,4.537404,-0.22829424,-2.7153704,-1.3048311,-2.8589606,2.1525111,1.9406495,-2.071804,-3.0972917,-5.8289747,2.7698529,-0.14314269,irem,saskin
-435.55307,81.11069,3.42893,9.6574335,1.4045113,-8.783311,-1.1234143,7.1682897,-17.38856,-9.307302,-7.348718,-12.286582,-20.893183,4.8971133,-18.360737,-6.8048105,-6.2697644,-2.895069,-7.2497454,0.73441666,-9.259653,0.9166453,-1.5256281,5.2375245,6.237435,10.290357,9.332328,5.4006643,4.8621516,-0.45122755,1.6323974,3.3096488,2.1479824,0.6501763,1.5894278,-1.1198423,1.4142591,-3.1326993,1.6206608,-1.9053255,irem,saskin
-420.47165,65.8362,0.76301736,4.8846164,0.22925942,-8.665313,-5.6017756,2.5399773,-11.289991,-3.019227,-7.604541,-12.496617,-14.40243,4.5784917,-12.492751,-2.1497526,-1.2249334,3.359454,0.21963371,6.3845415,0.99210376,6.97022,5.043184,10.65972,5.1670766,3.9694145,0.16286501,-1.9337854,-1.5638002,-1.98504,0.15586773,0.85941297,1.5553814,-3.5913382,-0.21366322,-3.3305182,1.0717145,-0.48260787,0.5686538,-1.1954556,irem,saskin
-389.9395,46.93695,-12.42425,-10.874558,-14.20787,-12.656088,-5.4699883,4.3663545,-21.024557,-6.8701463,-0.17642854,-5.339397,-15.024675,9.0034685,-11.679608,-2.981193,-2.722285,3.536885,4.530465,8.246159,-3.0651069,6.193082,-2.3394036,4.834809,-2.177748,2.8294919,-2.0057068,-1.5575024,2.505009,-2.3164082,-0.5645434,-1.0104558,0.4625177,-1.0284944,2.7785115,-1.5267663,-0.119872,-0.42691392,-0.073168926,-2.442421,irem,saskin
-368.56445,60.70705,0.5234281,3.3951304,3.2716835,-1.4868155,-7.257006,-4.035879,-19.845892,3.698404,-16.398788,-4.9225616,-20.51921,2.1926203,-14.05416,-4.3738084,-5.113414,5.4441185,-12.962624,7.1201377,-8.085409,-2.857555,-4.532497,-0.7113266,-1.554317,-1.2912779,0.26554868,5.831472,-0.9985756,4.868542,3.2222881,0.25003666,4.802413,-1.2063618,2.5190492,0.3351963,1.7128141,-1.551307,1.5947993,-2.0832486,irem,sinirli
-384.05005,89.13457,3.7715132,-1.8235574,-5.011435,-7.919443,-5.0304036,5.5890007,-19.356754,-3.2878184,-7.3751683,-9.500359,-18.298937,1.5229352,-15.873521,-5.782418,-7.029549,-4.2494464,-8.862812,-0.44687656,-7.152809,0.106161825,-4.5973988,4.0511146,1.2562469,1.975968,5.838212,4.623511,3.9681067,3.071217,0.0618613,2.0274775,1.7656066,-0.35873467,2.7115822,-2.1120436,-0.45597827,-2.090721,2.309749,-0.4226882,irem,sinirli
-396.66455,64.58966,-6.786391,-2.7973905,-3.4807386,-6.0335703,-0.16803898,2.052044,-19.292574,-1.4430072,-8.474945,-7.340733,-12.823794,-0.30928034,-12.637497,-6.5827904,-0.73299485,4.798627,-3.97777,6.019027,-0.9312774,5.0523157,1.3816676,2.1210165,-1.3169467,0.27086392,0.4755246,1.6102554,-1.055879,1.1326236,-1.9848926,-0.9654918,1.3351065,-1.8874917,0.9189548,0.0715587,0.9393632,-2.2574825,0.339862,-2.0081472,irem,sinirli
-358.81488,70.983475,-1.8275951,3.2369933,-4.3813434,-6.1187162,-6.6375246,4.3647504,-24.082336,-4.4498763,-7.1476593,-8.936651,-24.992846,6.2128353,-14.169478,-0.3107928,-2.4498305,5.3770785,-1.5493801,9.567833,0.20174713,8.37891,2.5393393,6.2212687,-4.2334814,-0.62089264,-0.012063031,2.8967538,1.9973972,1.9934076,0.26843295,-0.97688943,1.1011404,-0.75473326,3.0145142,-0.82503825,0.4464467,-1.5196737,1.7467856,-0.69149405,irem,sinirli
-364.17477,62.472363,1.8497938,3.1541026,-13.802505,-7.7221513,3.0111225,7.217462,-23.120396,0.57081234,-11.192932,-4.764281,-17.752851,2.3713062,-14.214444,-6.09668,-6.7045865,-0.11056678,-12.20977,4.547493,-5.1811724,3.9687254,-4.0305257,7.576241,3.0745845,4.744908,3.6368046,6.6676235,2.5734174,1.595689,-0.21276392,0.14785586,1.6066408,-3.1915584,2.303282,-0.9826185,0.59249616,-4.044912,-0.33222768,-1.6571894,irem,sinirli
-497.64597,107.638214,26.446941,19.195053,2.7374792,1.7225882,-1.860089,7.7105336,-9.2367525,-4.024261,-3.9932067,-6.210384,-11.728568,-3.470024,-12.384272,-4.3228135,-1.854045,-0.35011655,-8.98621,-6.5099688,-1.8216206,-3.4746196,-11.146624,-3.5744846,-8.719257,-2.7575166,-3.3439145,-4.4778314,-0.37926045,-0.6571961,2.3855424,-0.036278658,1.3069472,1.8672371,2.2036705,2.1121614,3.6347153,1.700115,3.649025,4.060273,irem,uzgun
-524.0472,103.51108,31.318274,29.060675,3.641618,4.998875,3.6762924,13.236856,-11.114485,-3.4418626,-1.2178082,-5.214645,-17.963428,1.5002972,-12.852936,-2.4583447,-5.9475055,-5.8388042,-5.1164203,-7.3756714,-5.114315,-3.0666094,-13.434536,-0.81409365,-9.184109,-4.891883,-3.1535907,-7.63859,-0.92244923,-4.6766706,-0.9311306,-1.5620534,-2.1385715,0.34912395,2.6748812,5.0241523,6.617602,3.0573263,7.488759,5.0606885,irem,uzgun
-489.8927,120.26956,26.881792,20.006454,-0.34215093,3.8129914,5.287128,9.911212,-12.380474,-5.2025394,-3.9261997,-10.806484,-10.243418,-2.4169154,-12.5907135,-2.4195242,-5.04988,-4.704709,-6.4274144,-9.89954,-1.7206296,-6.831898,-13.143807,-0.97908074,-9.738854,-5.113718,-5.3918185,-3.5000486,-1.6495874,-3.4507573,-0.021371257,-2.4725397,0.21871172,0.39565188,0.29827052,2.1066375,3.7808433,1.1347402,3.9066274,5.397188,irem,uzgun
-505.81528,92.223015,22.266596,30.34052,7.5425825,3.5221431,4.216197,11.381868,-11.551538,-4.3851113,2.114664,-6.603993,-18.554909,0.4510207,-7.8691826,-6.44736,-4.2691116,-4.0536413,-4.539801,-6.4518824,-6.8135233,-3.2548752,-9.245082,-2.024161,-7.468893,-5.452873,-2.6046646,-6.0745597,0.7631617,-3.3227503,-0.14899452,-0.010809776,-0.5591751,1.6059757,1.9648565,5.1840215,5.6503525,5.6165104,7.13796,4.168728,irem,uzgun
-493.73587,90.768715,22.645452,24.861467,2.193613,9.053802,3.4152477,15.1615,-8.201241,2.400372,-1.6933467,-1.5210121,-14.28655,-2.5283737,-14.32868,-0.601737,-0.14281063,-0.664865,-10.605562,-0.5019726,-4.6980033,-1.5939164,-14.018576,-1.922662,-4.865425,-3.3917263,-4.8792524,-2.6281197,-1.7500144,-2.3722894,-2.5197027,-2.3913734,1.1475544,-0.37771785,3.7480402,1.1145079,3.9507554,0.86352724,3.3801546,2.349462,irem,uzgun
-581.98505,79.12546,27.044786,35.68318,11.638547,0.29168245,-8.79216,2.4509385,-2.055391,1.1818181,2.7773304,-7.868523,-2.8710182,-4.985839,-5.382331,-0.89327306,-4.19908,-6.500682,-5.4910483,-2.1685262,-6.4295835,-5.1016197,-2.645519,-2.9576857,-2.4593925,-1.2890377,-2.6954422,-1.487112,-1.4076921,1.908904,2.161264,1.0088637,3.0284023,3.838289,1.5391347,0.8559958,0.4759251,-0.20617631,-1.4855169,-0.4637548,nazli,korku
-528.5114,107.21561,34.23989,32.879574,0.28943095,-11.013841,-7.789619,7.735656,1.1755582,0.91613626,-1.3368466,-8.226397,-6.7411046,-6.872341,-6.032632,-4.8832064,-4.2264953,-6.3169312,-5.71747,-3.4729474,-7.542596,-5.9207215,-4.3904896,-2.3280783,-5.0719624,-2.5729344,-3.2165546,-2.3272142,0.4107431,0.32586017,1.687254,3.986921,2.5569687,6.1938767,4.1357865,3.6001716,4.930493,1.5743101,0.12478658,-0.29554436,nazli,korku
-495.9497,92.310295,37.454723,30.890528,-0.46835756,-4.080529,-6.79651,-3.1201832,-14.833031,-0.8898139,-1.9487139,-16.761202,-14.337358,-5.334863,-6.752441,-9.002687,-3.5922155,-3.025062,-5.8939457,-1.8360829,-8.948784,-4.838872,-5.3952284,-3.4323964,-3.8415754,1.6100773,-0.5128552,1.8454199,0.82072467,2.5317383,1.9302573,3.7586005,4.1372232,5.979085,3.9687655,2.1153831,-0.84901863,1.3578228,-2.5206301,0.22843613,nazli,korku
-526.39526,114.66244,33.62812,40.891724,-5.5334954,-8.894196,8.009959,6.813201,-19.380112,-13.146743,-0.4500241,-11.457279,-9.421761,-8.677155,-13.084293,2.2828932,5.950669,-5.6967826,-4.197358,-0.65469944,-4.363931,-3.270639,-5.223229,-5.1637554,-5.5936217,-5.6323533,-4.511223,-0.21699122,-1.6239487,0.6411787,4.2666693,4.3771076,3.2216,7.907149,4.4220343,1.2022429,-0.0864623,-0.34118357,-1.0781671,0.061374627,nazli,korku
-485.61682,105.973976,29.55812,26.875755,-3.5188081,7.789153,4.405521,-12.979695,-15.953832,-4.7228265,-12.213516,-20.351898,-13.926743,-7.9886484,-6.7480497,1.2916865,4.3114986,-4.4870906,-5.990399,0.008928956,-8.287627,-6.458709,-7.4805613,-3.2595725,-4.2454658,-3.5814726,-0.25570703,4.6412086,1.8778514,2.8442469,3.1728792,4.2906404,1.7304649,4.8449287,2.5816498,0.4349293,-0.915836,1.7238641,-1.287811,1.0592064,nazli,korku
-445.56085,99.91889,13.299924,18.709024,7.442932,3.088297,-21.957043,-17.772589,-15.535873,-1.4117134,-5.0604367,-17.178179,-5.6959195,-2.7951448,-7.203212,-7.4710507,-4.4419093,-11.13091,-14.148272,0.4298141,-11.42077,-4.755516,-6.161807,-4.951265,-2.7131145,-0.5704449,3.3749475,9.148037,5.3491125,8.196467,7.1096334,5.7973433,0.97611105,0.49915466,-1.4256126,-1.3263274,0.14817116,1.1281428,-2.1047804,-2.0712795,nazli,mutlu
-496.58936,107.47366,33.2157,38.70533,6.393764,-3.145768,-24.259693,-2.334969,-8.688796,-11.7860365,0.41048157,-6.5915937,-6.530839,-6.270385,-6.515521,-7.7404613,-8.79239,-8.568957,-6.5503516,-0.55093324,-11.56314,-8.32061,-4.8047457,-3.6738155,-4.872929,-6.36495,-1.9730002,1.5337903,-0.46874532,2.9403567,2.5219665,4.1467013,3.454202,5.734797,3.26285,2.3139124,1.0387332,0.5893885,0.26197422,1.1042471,nazli,mutlu
-501.4406,119.047966,28.95503,39.21293,6.5712543,-9.686544,-20.084106,-8.717348,-10.0705,-3.9780297,4.944367,-11.452692,-8.316203,-6.735808,-11.9762,-1.5294349,-6.9758053,-15.431972,-3.479884,-2.4443426,-8.823059,-2.4759932,-8.460614,-6.1082106,-4.7694254,-4.5756993,0.2670833,1.9558718,2.1461055,6.038161,8.353291,5.965094,4.971269,6.4372463,3.829127,0.12562108,1.5975676,4.5217195,-0.7484255,-1.1760416,nazli,mutlu
-496.23465,109.38068,30.839886,37.069576,10.017663,-3.3068914,-19.550947,-10.867177,-19.622684,-3.2193859,8.093107,-12.413864,-4.8480644,-6.9030337,-12.05187,-1.4226407,-6.104194,-14.062234,-7.119482,0.78027844,-8.795412,-5.873907,-4.854945,-4.2854137,-3.6632042,-3.8617356,1.195954,3.5517056,2.2582207,6.368101,8.018384,9.05041,7.3976197,5.702603,2.262042,-0.2830448,-0.41333753,0.6760936,-0.95291233,0.4475098,nazli,mutlu
-492.6598,104.57605,27.55078,33.27788,7.20292,-2.4007826,-13.638455,-12.0176525,-17.257439,-1.4626814,7.505716,-13.148561,-9.436559,-5.666354,-9.41985,-6.0770926,-10.793749,-11.554088,-4.986832,-1.1968036,-9.920951,-7.6978316,-6.1322837,-4.917143,-5.8222556,-1.6133565,2.7123575,3.0268734,4.456625,8.806952,6.457884,5.114636,5.2252245,5.12727,-0.6252078,-0.7162449,-0.0054921308,1.3398938,-0.63209873,-0.33366582,nazli,mutlu
-521.84827,102.25929,41.499134,32.299557,-1.3965414,-10.866957,-1.5904207,1.5067221,-10.16919,-3.7077155,-10.363686,-18.98298,-11.976828,-13.804191,-10.057611,9.130593,4.208698,-12.007943,-0.9351518,1.8425058,-8.9577675,-4.5153475,-1.9849807,-5.6035566,-7.2669616,-1.6628814,-0.90197206,-0.61232084,-3.1706777,-1.5089445,2.45124,2.1581404,2.6785247,2.785132,1.7505761,1.9334891,1.758899,1.7359722,-0.3315317,0.046187915,nazli,notr
-518.9729,101.759674,28.993082,18.292095,-4.6802115,4.5702825,-10.545885,-18.456684,-2.6510065,1.192142,-11.152914,-19.187082,-15.546486,-6.578676,-6.274733,2.8052666,6.369088,-3.7474406,-5.8086257,0.15699998,-4.4217334,-4.1456904,-2.4147189,-5.8521357,-4.270018,-3.092669,-3.2436934,3.9357257,-1.6408652,1.4846166,2.9831579,4.024289,5.869335,1.6547786,-4.536918,-2.4327958,0.23195355,1.0739971,0.87086755,1.194998,nazli,notr
-543.2162,88.407936,40.1275,38.78096,7.9759316,-9.932512,-7.097636,4.1619015,-3.1185107,-9.193751,-11.516264,-14.272596,-9.149165,-6.401057,-3.2161987,5.639941,-0.4212387,-5.942184,3.7809184,-3.2576277,-9.394187,-2.3976345,-5.1256485,-5.62433,-3.2217772,-4.01629,-2.362591,-0.40506417,-4.045381,-0.17463517,3.788673,3.9010105,2.0171413,3.2890525,3.529507,-0.8036473,0.95628417,2.288578,-1.0602218,-0.45302036,nazli,notr
-530.0086,114.5037,54.597023,33.75322,23.289673,2.7329826,-10.485085,-8.8361025,-13.6136055,-9.916255,-2.2269251,-3.423425,-8.701321,-8.944968,3.3918688,6.9642587,1.5017505,-4.3858695,-4.3389397,-2.3229382,-7.510253,-5.592339,0.04456626,0.8749387,-4.187319,-7.914652,-4.995807,-4.080201,-4.299909,-3.2729406,0.50161076,3.1200733,2.7759898,3.9947646,3.8606517,2.8854594,2.765978,2.7458096,2.4354622,2.0552566,nazli,notr
-544.89954,79.3267,44.75131,36.667118,10.061119,-2.578636,-13.389218,-13.229403,-20.599817,-14.922818,0.5302794,-1.9625745,-6.6840625,-5.933668,-0.15519743,2.7949355,-2.4375882,-6.9771075,-5.036787,-2.2274914,-6.8009796,-5.929087,-1.9997629,-2.9718373,-6.0624156,-5.9137754,-3.8988242,-4.63554,-2.858907,0.29290706,0.64155155,1.7285867,1.3338941,3.150364,1.9749255,0.58264285,1.1866066,1.8543224,2.6857417,1.4723846,nazli,notr
-483.66864,86.55131,24.248447,11.748183,-14.690145,-19.892057,-4.92398,12.0719795,-17.841507,-14.229901,3.372963,-11.309635,-14.373154,-9.57828,-8.444312,-1.6745151,-5.324023,-4.3980584,-0.9433609,2.287129,-7.8467264,0.6965341,-2.9512691,0.9493422,-1.0271716,8.544135,4.2291503,6.625851,3.1345782,4.391752,2.2249458,-3.1721191,-0.6100691,0.5777057,-2.0938542,-1.0114596,-2.474381,-0.3380406,-2.4651926,-1.467089,nazli,saskin
-444.95004,104.5272,25.777143,0.46369934,-21.624018,-3.3337781,-4.358945,-3.4103029,-20.328548,-23.11545,-10.037067,-10.083666,-12.562104,-14.98223,-8.119308,-3.6247132,-5.7692122,-4.4219947,-5.1064262,0.17604241,-3.550533,-1.042633,3.7145474,2.2792416,-1.624683,-3.1991978,0.7111806,-0.7544069,0.381524,5.6672473,1.849243,1.4755332,-2.2367795,1.1532547,0.8039682,3.7167482,2.6321313,-0.385313,-0.82966644,-3.4065912,nazli,saskin
-509.03183,107.7737,35.816467,30.07951,-11.772236,-1.4479532,0.31667572,0.020026313,-8.891522,-19.257254,-10.960028,-8.250652,-14.785813,-16.00024,-5.609809,-4.8377852,-6.0095463,-3.6079025,-6.1254272,-5.284081,-6.9910846,-4.800315,-3.5536754,-5.7509503,1.1641148,3.2304406,4.225524,7.079763,5.8478317,6.368322,3.578873,1.3041766,-0.7594206,1.9075842,-0.11080127,-2.186049,0.35688183,0.69399875,1.0268253,-0.1350686,nazli,saskin
-472.203,81.13859,24.398209,34.421978,4.540841,-15.618098,-15.050021,2.4463649,-11.388362,-20.030289,-7.0825295,-16.517708,-14.744168,-9.155796,-11.839049,-7.0212665,0.100683935,0.32611063,-1.2324202,4.853551,1.1246507,-0.19636127,0.42426205,-0.98176926,-1.6994677,-3.0429008,0.95840186,3.6205397,1.0197312,1.36004,2.9205053,5.8365993,3.6987011,1.6400808,-1.025639,-0.88611484,-1.8955001,0.10249715,-0.573173,0.36510006,nazli,saskin
-477.8075,70.52969,21.030077,7.409197,-14.1292,-6.464819,5.061341,5.562706,-15.940178,-8.396596,1.2064567,-8.157627,-6.770016,-11.154882,-7.3162146,-0.566063,-2.880293,-0.122464746,-0.5515194,5.2534757,1.4984134,1.6504363,4.51727,4.6330185,1.4078776,1.1790284,-1.2150507,-2.8768764,-1.2721593,0.64148575,1.8749787,2.681664,-3.5651848,2.4561265,-3.4987774,-2.7633634,-2.4187849,-0.457391,-1.1130841,-1.7113792,nazli,saskin
-422.0259,77.73238,8.908792,17.60561,6.7941217,4.94748,-32.130844,-17.844004,-4.1471086,-4.34977,-7.1643567,-10.821348,-8.908279,-5.092414,-12.823013,-6.558586,-8.485005,-10.617782,-4.6944795,2.511727,-12.286001,-1.2388277,1.3873488,1.9984783,3.8043828,8.476766,3.4168553,3.5838416,1.6444098,2.0247521,-0.96593046,-0.23929074,-2.3675237,0.04387037,-2.359059,-2.0215337,-1.7711914,0.19280256,-0.6839592,0.025816733,nazli,sinirli
-452.2118,119.629524,20.77429,15.959003,-4.250246,-13.689877,-21.234638,-0.2292141,-2.6968126,-11.724885,-3.3460207,-9.838406,-8.080792,-11.276493,-13.270222,-9.76041,-7.120345,-5.360176,-7.6799545,-3.9727538,-10.217961,-3.198303,3.302156,2.323787,3.405833,1.8974848,3.1522238,4.8338375,4.736236,4.6516085,2.006153,1.6177013,-0.9469518,1.2443645,-2.0024683,-1.9485779,0.29083806,-1.8837252,-1.5995666,-1.6813581,nazli,sinirli
-490.278,88.58853,20.418036,22.917881,-0.53240913,2.8492632,-9.415799,-10.618608,-13.903531,3.0296168,5.866858,-9.678025,-3.8794644,-5.762101,-11.30611,-5.527771,-6.650298,-8.933108,-6.043902,-3.2195518,-8.2318125,-4.7142787,-3.7322342,-1.7445079,0.79886556,5.4146705,6.603751,8.157592,4.4176245,2.749871,0.4622123,0.55278313,-1.6265273,0.62068427,-0.42223167,0.36584133,0.36930087,0.2614985,-1.8629102,-0.049497843,nazli,sinirli
-460.19284,110.77432,16.85867,27.960106,0.24342282,-9.033895,-21.435408,-7.839902,-10.464217,-3.319559,1.1173203,-15.699918,-8.414386,-7.496639,-14.899049,-6.5020413,-10.4955,-11.031305,-2.7796378,-5.010139,-13.5264015,-3.1440353,-3.0153508,1.0247046,1.696772,-1.0151376,3.348283,4.394914,5.088703,6.2117524,5.012879,5.2671847,-0.68924814,2.293252,0.74575293,-1.0356946,-1.1860617,-0.07303015,-0.7363042,-0.4385305,nazli,sinirli
-417.24518,88.734795,19.559467,18.19702,-4.938746,-9.866847,-20.511108,-5.4776254,-12.445974,-5.4058433,-2.5071704,-11.902286,-6.5337987,-9.112916,-9.859002,-5.1328998,-11.921047,-9.963229,-4.5086923,-1.8746738,-9.133352,-4.0584655,-3.8777943,0.90977913,-1.2624463,-0.25120604,5.7964525,6.3254676,4.8922925,7.9366593,5.0736523,4.1495876,0.42618433,3.4943001,0.75230134,0.64759123,-0.34756398,-1.6758722,-2.1186206,-1.4655955,nazli,sinirli
-542.49243,99.61785,32.761738,32.9222,14.612824,3.6504757,-13.811063,-8.44512,-3.202276,3.3062353,-1.1287192,-10.093585,-7.962768,-12.762649,-8.805416,0.96764296,-3.790498,-8.929243,-8.239513,-4.1935062,-10.07938,-3.3153322,-0.9955983,-6.088922,-4.067932,-1.7575028,-3.0592942,-0.97051865,0.7177995,1.1470405,0.13309394,-0.40015474,1.3656665,3.5931497,1.4085678,2.0674922,2.3558075,2.8953032,1.719668,2.8154037,nazli,uzgun
-536.514,103.767456,28.81729,35.504223,13.016234,8.474263,-8.728923,-13.395889,-17.166807,2.7853668,7.5169787,-17.95166,-9.442942,-3.1313183,-10.879396,-1.4394532,-3.470378,-10.310911,-5.9223266,-4.4053974,-6.363203,-4.249344,-3.7699983,-5.9314528,-4.0481253,-2.223886,-2.881783,-0.9096368,-0.46572655,-0.40946537,0.62209165,1.255892,1.9350443,4.8413534,4.744427,2.8140762,4.273657,5.453664,1.349061,1.0314431,nazli,uzgun
-550.02106,123.153984,36.746613,39.1723,3.2554955,-5.450715,-7.0124836,-6.5847664,-11.213106,-0.034930233,4.7383256,-15.896961,-7.291486,-6.033195,-12.489256,-0.37066022,-7.6107264,-11.06203,-1.4491358,-4.9312396,-7.595669,-3.586405,-7.1881223,-6.865665,-2.580718,-4.513037,-5.5662932,-2.1717598,-2.4384248,-2.936054,-0.11640092,0.9155831,1.1166122,4.5447044,5.38903,4.0953765,5.297474,5.485965,2.1679149,1.8566757,nazli,uzgun
-510.6304,109.85604,35.877903,45.01869,-1.1451327,-19.950247,-12.08338,1.6934628,-8.727052,-4.3890505,3.0043297,-12.802655,-8.571408,-5.9921665,-7.542334,-0.821377,-9.512744,-11.986448,-2.9349213,-3.2001944,-8.309459,-7.2985635,-4.8432326,-3.9366386,-8.015989,-3.7030618,-0.915542,0.3581134,-0.5768319,3.906603,7.495573,4.8881536,4.8431067,6.462074,3.6383264,1.590454,-0.19056903,1.1603436,0.8666208,0.6973683,nazli,uzgun
-543.07684,93.70746,35.559757,41.04729,8.187396,-0.34842083,-9.517942,-12.351508,-14.078508,5.552254,5.8414297,-15.24647,-4.533094,-5.2599006,-11.92538,-1.7942396,-8.242008,-11.606119,-3.1253393,-2.3529353,-8.757746,-4.6149106,-3.031918,-4.3665447,-3.9864802,-3.6527715,-2.9108424,-0.6780288,-1.6644433,1.8618858,3.6085947,4.1405506,4.3450665,7.6942945,5.602198,2.2024667,3.7366185,3.1843615,0.82356524,1.3412305,nazli,uzgun
